Id,Dataset,Classifier,Measure,Type,Mean,Std
0,breast-w,kNN,G-mean,Standard,0.9621588140888717,0.02185107803273563
1,breast-w,kNN,G-mean,Normalized,0.9960405300779633,0.003978885091307954
0,breast-w,kNN,Kappa,Standard,0.9242588659638616,0.04309754083792247
1,breast-w,kNN,Kappa,Normalized,0.9963638164172924,0.003755752132278022
0,breast-w,kNN,Bal. acc.,Standard,0.962534420289855,0.02156424598962488
1,breast-w,kNN,Bal. acc.,Normalized,0.9960435909901149,0.003996409932555149
0,breast-w,kNN,Recall,Standard,0.9524166666666667,0.03878886939431065
1,breast-w,kNN,Recall,Normalized,0.95,0.03960695839886884
0,breast-w,kNN,F1-score,Standard,0.9505258911656104,0.027862786785829718
1,breast-w,kNN,F1-score,Normalized,0.9963869533120868,0.0036753452374490405
0,breast-w,kNN,MCC,Standard,0.9253845555736315,0.04243053804747478
1,breast-w,kNN,MCC,Normalized,0.9963323070274942,0.00382981109971431
0,breast-w,kNN,Precision,Standard,0.9506078511831886,0.04281752362638972
1,breast-w,kNN,Precision,Normalized,0.9850309692288302,0.013354839890049246
0,breast-w,kNN,Accuracy,Standard,0.9656624967194471,0.019764073189297356
1,breast-w,kNN,Accuracy,Normalized,0.9963881236608509,0.0038662540906280454
0,breast-w,SVM,G-mean,Standard,0.9674386471025304,0.019071236969399875
1,breast-w,SVM,G-mean,Normalized,0.9970092187471864,0.002936768768568085
0,breast-w,SVM,Kappa,Standard,0.9271990695395046,0.041027257237978294
1,breast-w,SVM,Kappa,Normalized,0.9966536127766074,0.0032802221536625455
0,breast-w,SVM,Bal. acc.,Standard,0.9677099033816425,0.018929530805444458
1,breast-w,SVM,Bal. acc.,Normalized,0.9970067880228309,0.0029697146025321076
0,breast-w,SVM,Recall,Standard,0.9710333333333332,0.03171731038057574
1,breast-w,SVM,Recall,Normalized,0.9692975206611572,0.03312109136987884
0,breast-w,SVM,F1-score,Standard,0.9529525517842876,0.02611434813294044
1,breast-w,SVM,F1-score,Normalized,0.9967518320459496,0.0031107952006714833
0,breast-w,SVM,MCC,Standard,0.9286176940638584,0.0400352097120983
1,breast-w,SVM,MCC,Normalized,0.9966664866130107,0.0032703687537704025
0,breast-w,SVM,Precision,Standard,0.9372706506941891,0.044297146103168254
1,breast-w,SVM,Precision,Normalized,0.9809517636255606,0.013868153473799265
0,breast-w,SVM,Accuracy,Standard,0.9666752106843962,0.01906784661663329
1,breast-w,SVM,Accuracy,Normalized,0.9966038279407263,0.0034630516187894957
0,breast-w,NB,G-mean,Standard,0.9627273991066899,0.020659343441312327
1,breast-w,NB,G-mean,Normalized,0.9962265255046003,0.003702205807585116
0,breast-w,NB,Kappa,Standard,0.9126044941282987,0.047227420965306945
1,breast-w,NB,Kappa,Normalized,0.9953117629053458,0.0045514444740390545
0,breast-w,NB,Bal. acc.,Standard,0.9631161835748793,0.020382693271175287
1,breast-w,NB,Bal. acc.,Normalized,0.9962321071679361,0.003708301202519292
0,breast-w,NB,Recall,Standard,0.9742999999999999,0.03081682440918704
1,breast-w,NB,Recall,Normalized,0.9726033057851241,0.03219246959609412
0,breast-w,NB,F1-score,Standard,0.9440128800617691,0.0295824623603634
1,breast-w,NB,F1-score,Normalized,0.9955333189290408,0.00418645434054321
0,breast-w,NB,MCC,Standard,0.9149725835781866,0.045199166247557786
1,breast-w,NB,MCC,Normalized,0.9953965681773169,0.004386749363161659
0,breast-w,NB,Precision,Standard,0.9176817155968581,0.051737275933148065
1,breast-w,NB,Precision,Normalized,0.9746085633518792,0.01685556508656188
0,breast-w,NB,Accuracy,Standard,0.9596624383985071,0.022301813472565494
1,breast-w,NB,Accuracy,Normalized,0.9951365706980679,0.004986178204568871
0,breast-w,GBM,G-mean,Standard,0.9576695608453971,0.02772235809588466
1,breast-w,GBM,G-mean,Normalized,0.9947697113739893,0.005722105251792347
0,breast-w,GBM,Kappa,Standard,0.9147509470383889,0.052894884026543874
1,breast-w,GBM,Kappa,Normalized,0.9952254271772988,0.004949671462170852
0,breast-w,GBM,Bal. acc.,Standard,0.9581549516908211,0.027189069624699504
1,breast-w,GBM,Bal. acc.,Normalized,0.9947817749689409,0.0056681159233705
0,breast-w,GBM,Recall,Standard,0.9477833333333335,0.047880090387921743
1,breast-w,GBM,Recall,Normalized,0.9454958677685953,0.04876276433203465
0,breast-w,GBM,F1-score,Standard,0.9442731218338579,0.03450964226043886
1,breast-w,GBM,F1-score,Normalized,0.995221916131007,0.004969367982332645
0,breast-w,GBM,MCC,Standard,0.9161089800201833,0.051955381320640696
1,breast-w,GBM,MCC,Normalized,0.9951714110805018,0.005056591333096099
0,breast-w,GBM,Precision,Standard,0.9432028180132379,0.04702375197983981
1,breast-w,GBM,Precision,Normalized,0.9826973838203785,0.014793098462091227
0,breast-w,GBM,Accuracy,Standard,0.9613705129326686,0.024080109518119765
1,breast-w,GBM,Accuracy,Normalized,0.9952637786060247,0.004997840810762963
0,breast-w,CART,G-mean,Standard,0.9271675219616472,0.03536102830176483
1,breast-w,CART,G-mean,Normalized,0.9870001260375589,0.012142328568620993
0,breast-w,CART,Kappa,Standard,0.8648200262309805,0.061050681165935254
1,breast-w,CART,Kappa,Normalized,0.9896953492140659,0.008787999863140153
0,breast-w,CART,Bal. acc.,Standard,0.9286734299516907,0.03364227690046744
1,breast-w,CART,Bal. acc.,Normalized,0.9871854012495724,0.011638539715281978
0,breast-w,CART,Recall,Standard,0.8934000000000002,0.06577103381344168
1,breast-w,CART,Recall,Normalized,0.8905785123966943,0.06561140316795279
0,breast-w,CART,F1-score,Standard,0.9101416290514724,0.0415943631163349
1,breast-w,CART,F1-score,Normalized,0.9891658114118009,0.009866914992825066
0,breast-w,CART,MCC,Standard,0.8673059992125105,0.059402336977385777
1,breast-w,CART,MCC,Normalized,0.9895197968994761,0.008983578216642644
0,breast-w,CART,Precision,Standard,0.9317412678019837,0.04883815765083715
1,breast-w,CART,Precision,Normalized,0.979110264858928,0.01560468652570582
0,breast-w,CART,Accuracy,Standard,0.9396266585017351,0.02684288138335174
1,breast-w,CART,Accuracy,Normalized,0.9901238769153209,0.008189846974938315
0,breast-w,RF,G-mean,Standard,0.9516057442078383,0.028732796821587966
1,breast-w,RF,G-mean,Normalized,0.9935744251787032,0.0072912765920026415
0,breast-w,RF,Kappa,Standard,0.9051762841190057,0.05213910189025453
1,breast-w,RF,Kappa,Normalized,0.9944557878247718,0.00565774826698603
0,breast-w,RF,Bal. acc.,Standard,0.9522320048309179,0.027957704123172424
1,breast-w,RF,Bal. acc.,Normalized,0.9936053043807056,0.007162345427915065
0,breast-w,RF,Recall,Standard,0.9361500000000003,0.052008917504597234
1,breast-w,RF,Recall,Normalized,0.9335950413223144,0.05254357687483005
0,breast-w,RF,F1-score,Standard,0.9376975364616496,0.034612266044657274
1,breast-w,RF,F1-score,Normalized,0.9943572984749455,0.005970901699675284
0,breast-w,RF,MCC,Standard,0.9065661690284367,0.05124945175309998
1,breast-w,RF,MCC,Normalized,0.9943650407821529,0.005839012875515939
0,breast-w,RF,Precision,Standard,0.9417855755438965,0.04338821042481403
1,breast-w,RF,Precision,Normalized,0.9823375465888837,0.013523433844177502
0,breast-w,RF,Accuracy,Standard,0.9572295512203658,0.023382109353874934
1,breast-w,RF,Accuracy,Normalized,0.9945782243108446,0.005475446350536378
0,breast-w,LR,G-mean,Standard,0.9627042627787356,0.023300080085683003
1,breast-w,LR,G-mean,Normalized,0.9959959667981056,0.004115531146505621
0,breast-w,LR,Kappa,Standard,0.9265917769720029,0.04497389040635
1,breast-w,LR,Kappa,Normalized,0.996453123030663,0.0037205928174966355
0,breast-w,LR,Bal. acc.,Standard,0.9630838164251208,0.022924521877136117
1,breast-w,LR,Bal. acc.,Normalized,0.9960077603125732,0.004088870536555054
0,breast-w,LR,Recall,Standard,0.9511000000000002,0.04014226091180107
1,breast-w,LR,Recall,Normalized,0.9485950413223142,0.04097923696419792
0,breast-w,LR,F1-score,Standard,0.9519225462346311,0.029228119023100525
1,breast-w,LR,F1-score,Normalized,0.9964554637281908,0.0036609712802713698
0,breast-w,LR,MCC,Standard,0.9276027514104364,0.04425925036616229
1,breast-w,LR,MCC,Normalized,0.9964224238823169,0.0037692537223324115
0,breast-w,LR,Precision,Standard,0.9545606720754398,0.04138062146804345
1,breast-w,LR,Precision,Normalized,0.9862450710311674,0.01286695573764872
0,breast-w,LR,Accuracy,Standard,0.9667994926078208,0.020529689862394857
1,breast-w,LR,Accuracy,Normalized,0.9964935450764328,0.0038152455181659204
2,yeast,kNN,G-mean,Standard,0.34341931376211493,0.2491872860496433
3,yeast,kNN,G-mean,Normalized,0.41236482137109753,0.28851519097608413
2,yeast,kNN,Kappa,Standard,0.25040039068209846,0.2064583576611808
3,yeast,kNN,Kappa,Normalized,0.7894186514322495,0.24117628511906958
2,yeast,kNN,Bal. acc.,Standard,0.58827331002331,0.07703400096249403
3,yeast,kNN,Bal. acc.,Normalized,0.6478856882308764,0.12140133981220316
2,yeast,kNN,Recall,Standard,0.18066666666666667,0.1532739015256312
3,yeast,kNN,Recall,Normalized,0.19249999999999998,0.14750125363021566
2,yeast,kNN,F1-score,Standard,0.26031746031746034,0.20699456468959643
3,yeast,kNN,F1-score,Normalized,0.6499569520437721,0.4332127031335243
2,yeast,kNN,MCC,Standard,0.29483761094233957,0.23489288917125165
3,yeast,kNN,MCC,Normalized,0.8001182813002896,0.22186446572955312
2,yeast,kNN,Precision,Standard,0.5416666666666667,0.42532667183916145
3,yeast,kNN,Precision,Normalized,0.6808412455745093,0.45395081933031245
2,yeast,kNN,Accuracy,Standard,0.9678597254973091,0.007836677700512341
3,yeast,kNN,Accuracy,Normalized,0.9833723581160819,0.007271207594075189
2,yeast,SVM,G-mean,Standard,0.0,0.0
3,yeast,SVM,G-mean,Normalized,0.0199147087222401,3.469446951953614e-18
2,yeast,SVM,Kappa,Standard,0.0,0.0
3,yeast,SVM,Kappa,Normalized,0.5000134105782639,2.220446049250313e-16
2,yeast,SVM,Bal. acc.,Standard,0.5,0.0
3,yeast,SVM,Bal. acc.,Normalized,0.5000134105782639,2.220446049250313e-16
2,yeast,SVM,Recall,Standard,0.0,0.0
3,yeast,SVM,Recall,Normalized,0.019230769230769225,6.938893903907228e-18
2,yeast,SVM,F1-score,Standard,0.0,0.0
3,yeast,SVM,F1-score,Normalized,0.019230769230769225,6.938893903907228e-18
2,yeast,SVM,MCC,Standard,0.0,0.0
3,yeast,SVM,MCC,Normalized,0.5000134105782639,2.220446049250313e-16
2,yeast,SVM,Precision,Standard,0.0,0.0
3,yeast,SVM,Precision,Normalized,0.019230769230769225,6.938893903907228e-18
2,yeast,SVM,Accuracy,Standard,0.9656399419553778,0.0018821063457256596
3,yeast,SVM,Accuracy,Normalized,0.9817267460572902,0.0019472159639523543
2,yeast,NB,G-mean,Standard,0.34374107714970914,0.06032935274405483
3,yeast,NB,G-mean,Normalized,0.37526351786289025,0.08481156690779995
2,yeast,NB,Kappa,Standard,0.007092143870870521,0.007088097016899791
3,yeast,NB,Kappa,Normalized,0.545630431284197,0.04790949726240845
2,yeast,NB,Bal. acc.,Standard,0.5442630147630149,0.04585289462044551
3,yeast,NB,Bal. acc.,Normalized,0.5817310374423346,0.08405027718128363
2,yeast,NB,Recall,Standard,0.9623333333333334,0.07783957862167547
3,yeast,NB,Recall,Normalized,0.9601923076923076,0.08227780729920127
2,yeast,NB,F1-score,Standard,0.07273594600277086,0.007898001401403964
3,yeast,NB,F1-score,Normalized,0.5588466902692845,0.05464050483718363
2,yeast,NB,MCC,Standard,0.0455125788141607,0.058440053515552134
3,yeast,NB,MCC,Normalized,0.5962223742087759,0.11715840833706774
2,yeast,NB,Precision,Standard,0.037803654267104414,0.004177958288992154
3,yeast,NB,Precision,Normalized,0.5428383488896041,0.053566993396534174
2,yeast,NB,Accuracy,Standard,0.15493166455045648,0.03953169346491355
3,yeast,NB,Accuracy,Normalized,0.1428661087866109,0.040835626259119656
2,yeast,GBM,G-mean,Standard,0.45953739023203705,0.22636089150976316
3,yeast,GBM,G-mean,Normalized,0.5486897865035941,0.2648663352401196
2,yeast,GBM,Kappa,Standard,0.3139038078643203,0.19411869735198253
3,yeast,GBM,Kappa,Normalized,0.861132523334406,0.2089487432434109
2,yeast,GBM,Bal. acc.,Standard,0.6274732905982906,0.08432880041161966
3,yeast,GBM,Bal. acc.,Normalized,0.7066261667203088,0.12371197593563735
2,yeast,GBM,Recall,Standard,0.26499999999999996,0.1680195094492171
3,yeast,GBM,Recall,Normalized,0.2740384615384615,0.16182152397410482
2,yeast,GBM,F1-score,Standard,0.32900288600288596,0.19224474118789261
3,yeast,GBM,F1-score,Normalized,0.7973071558845619,0.34101909668756375
2,yeast,GBM,MCC,Standard,0.33831765158229266,0.2048880209554508
3,yeast,GBM,MCC,Normalized,0.8600815363158457,0.17953955699954982
2,yeast,GBM,Precision,Standard,0.502,0.3193855211356819
3,yeast,GBM,Precision,Normalized,0.8272590119085936,0.35303450991901875
2,yeast,GBM,Accuracy,Standard,0.9650277949090029,0.009560734199827076
3,yeast,GBM,Accuracy,Normalized,0.9805888584915783,0.009219642814430778
2,yeast,CART,G-mean,Standard,0.5146976548666645,0.2316529414372223
3,yeast,CART,G-mean,Normalized,0.6132838482995386,0.2704528928466139
2,yeast,CART,Kappa,Standard,0.2824858297937791,0.17743953169854437
3,yeast,CART,Kappa,Normalized,0.8533500965561633,0.21564364866195546
2,yeast,CART,Bal. acc.,Standard,0.6503367327117328,0.09595616142793423
3,yeast,CART,Bal. acc.,Normalized,0.7353791170475273,0.13639700338454558
2,yeast,CART,Recall,Standard,0.32733333333333337,0.19168144870533968
3,yeast,CART,Recall,Normalized,0.33403846153846145,0.1844280900898808
2,yeast,CART,F1-score,Standard,0.3067775002775003,0.17331936792958438
3,yeast,CART,F1-score,Normalized,0.8105215373886919,0.3096913869276154
2,yeast,CART,MCC,Standard,0.28689061486569917,0.17980897208236266
3,yeast,CART,MCC,Normalized,0.8409690483853665,0.17077160679541534
2,yeast,CART,Precision,Standard,0.30484595959595956,0.18322284093554866
3,yeast,CART,Precision,Normalized,0.8330759843364448,0.31605233335750754
2,yeast,CART,Accuracy,Standard,0.9511454743333939,0.013411703310908022
3,yeast,CART,Accuracy,Normalized,0.9666815524085399,0.013747522341457204
2,yeast,RF,G-mean,Standard,0.2742479630013325,0.25260168112895504
3,yeast,RF,G-mean,Normalized,0.33186916639845504,0.2897490466955665
2,yeast,RF,Kappa,Standard,0.1914756613057762,0.19440490955290007
3,yeast,RF,Kappa,Normalized,0.7312693112327002,0.24908160585128616
2,yeast,RF,Bal. acc.,Standard,0.5676689005439005,0.07304303983561898
3,yeast,RF,Bal. acc.,Normalized,0.6145711297071129,0.1172045162271826
2,yeast,RF,Recall,Standard,0.13966666666666666,0.14626422058118735
3,yeast,RF,Recall,Normalized,0.15326923076923077,0.14067291261360615
2,yeast,RF,F1-score,Standard,0.20056349206349203,0.19619356777627825
3,yeast,RF,F1-score,Normalized,0.5359382040553589,0.45838263217613207
2,yeast,RF,MCC,Standard,0.2280478633877948,0.22666544795656599
3,yeast,RF,MCC,Normalized,0.7424191342130672,0.23060051044367558
2,yeast,RF,Precision,Standard,0.42933333333333334,0.42878458720227125
3,yeast,RF,Precision,Normalized,0.5631152773307585,0.48219548175777316
2,yeast,RF,Accuracy,Standard,0.9662435395126668,0.007338350495872115
3,yeast,RF,Accuracy,Normalized,0.9819608947537819,0.007064295499290002
2,yeast,LR,G-mean,Standard,0.2615656441448304,0.24257962520492257
3,yeast,LR,G-mean,Normalized,0.3170095751528806,0.27779083996499604
2,yeast,LR,Kappa,Standard,0.1841707653889618,0.18562111942475326
3,yeast,LR,Kappa,Normalized,0.7331506812573756,0.23997650685405958
2,yeast,LR,Bal. acc.,Standard,0.5623322649572651,0.06438356203547582
3,yeast,LR,Bal. acc.,Normalized,0.6076841272395666,0.10769534437285617
2,yeast,LR,Recall,Standard,0.12766666666666665,0.12884573032204918
3,yeast,LR,Recall,Normalized,0.14173076923076922,0.12390511616011217
2,yeast,LR,F1-score,Standard,0.19182539682539684,0.18815485291973919
3,yeast,LR,F1-score,Normalized,0.5261381557772771,0.45880138297152856
2,yeast,LR,MCC,Standard,0.22564467007039027,0.22457586338366625
3,yeast,LR,MCC,Normalized,0.7409592586632335,0.22913206602516503
2,yeast,LR,Precision,Standard,0.44666666666666666,0.44899888641287294
3,yeast,LR,Precision,Normalized,0.5542954082180023,0.4840669414554052
2,yeast,LR,Accuracy,Standard,0.9671201160892435,0.006386885213721904
3,yeast,LR,Accuracy,Normalized,0.9828669134213066,0.006047150252249581
4,transfusion,kNN,G-mean,Standard,0.5454311353318981,0.08807788932446478
5,transfusion,kNN,G-mean,Normalized,0.6526504850548023,0.11686345669719914
4,transfusion,kNN,Kappa,Standard,0.27184078314681553,0.12287879853271379
5,transfusion,kNN,Kappa,Normalized,0.7617927350006888,0.09238640419290935
4,transfusion,kNN,Bal. acc.,Standard,0.6200971792225662,0.054329982824578064
5,transfusion,kNN,Bal. acc.,Normalized,0.7048140459277041,0.08247766132063665
4,transfusion,kNN,Recall,Standard,0.33879084967320267,0.10062712388530919
5,transfusion,kNN,Recall,Normalized,0.3399999999999999,0.09974554167583902
4,transfusion,kNN,F1-score,Standard,0.40585528026078704,0.10641912112016762
5,transfusion,kNN,F1-score,Normalized,0.6389118243176765,0.16714997789885536
4,transfusion,kNN,MCC,Standard,0.284809763143213,0.128625798198451
5,transfusion,kNN,MCC,Normalized,0.7414347980086188,0.09700076594963361
4,transfusion,kNN,Precision,Standard,0.5263318261919352,0.14105107494717634
5,transfusion,kNN,Precision,Normalized,0.8369034219484837,0.09156137526453875
4,transfusion,kNN,Accuracy,Standard,0.7681819819819818,0.04107134462619233
5,transfusion,kNN,Accuracy,Normalized,0.8476845274405242,0.04957974722885544
4,transfusion,SVM,G-mean,Standard,0.38126744843129023,0.11372299555380638
5,transfusion,SVM,G-mean,Normalized,0.42993870402802103,0.1501322359536636
4,transfusion,SVM,Kappa,Standard,0.1757680352123294,0.1019054399439982
5,transfusion,SVM,Kappa,Normalized,0.6859905743914677,0.09397027551623761
4,transfusion,SVM,Bal. acc.,Standard,0.5665832473340214,0.04071402868805051
5,transfusion,SVM,Bal. acc.,Normalized,0.6205981030716858,0.06923674896143857
4,transfusion,SVM,Recall,Standard,0.16369281045751635,0.08258098807083682
5,transfusion,SVM,Recall,Normalized,0.1656741573033708,0.08270264007832372
4,transfusion,SVM,F1-score,Standard,0.2520999039930021,0.1098583136947655
5,transfusion,SVM,F1-score,Normalized,0.3856815364332238,0.18167788869540366
4,transfusion,SVM,MCC,Standard,0.23439950766643008,0.12302757862245908
5,transfusion,SVM,MCC,Normalized,0.7034655345441668,0.10150312857485108
4,transfusion,SVM,Precision,Standard,0.6428879731379731,0.23554620061149387
5,transfusion,SVM,Precision,Normalized,0.8627719947263819,0.18470998562882035
4,transfusion,SVM,Accuracy,Standard,0.7786234234234236,0.025082097421677677
5,transfusion,SVM,Accuracy,Normalized,0.862269426789193,0.030659964961803676
4,transfusion,NB,G-mean,Standard,0.4118597849432261,0.10472716669084
5,transfusion,NB,G-mean,Normalized,0.47087024538066463,0.14329140720859176
4,transfusion,NB,Kappa,Standard,0.14868069672731998,0.12258807758771288
5,transfusion,NB,Kappa,Normalized,0.6559219976780339,0.11698189541861084
4,transfusion,NB,Bal. acc.,Standard,0.559984520123839,0.04996599326534488
5,transfusion,NB,Bal. acc.,Normalized,0.6077054841693068,0.08504494620162104
4,transfusion,NB,Recall,Standard,0.1947058823529412,0.086909895385073
5,transfusion,NB,Recall,Normalized,0.1968539325842697,0.0871526325820921
4,transfusion,NB,F1-score,Standard,0.268008195701979,0.11069667836875988
5,transfusion,NB,F1-score,Normalized,0.410571734981011,0.18086323955612374
4,transfusion,NB,MCC,Standard,0.17167635804103312,0.1401194521803759
5,transfusion,NB,MCC,Normalized,0.6494639800074776,0.11557236578396875
4,transfusion,NB,Precision,Standard,0.46432253857253847,0.1936092265389607
5,transfusion,NB,Precision,Normalized,0.7559871307975365,0.19372230643549226
4,transfusion,NB,Accuracy,Standard,0.7522684684684684,0.039262448621598424
5,transfusion,NB,Accuracy,Normalized,0.8284728152856214,0.04883487264459861
4,transfusion,GBM,G-mean,Standard,0.5016084298087421,0.09084028607587137
5,transfusion,GBM,G-mean,Normalized,0.5946579035400145,0.12402553995516812
4,transfusion,GBM,Kappa,Standard,0.23868752372701885,0.11485488674182862
5,transfusion,GBM,Kappa,Normalized,0.737669375627226,0.09539900123863355
4,transfusion,GBM,Bal. acc.,Standard,0.6011136910904713,0.050133932177823956
5,transfusion,GBM,Bal. acc.,Normalized,0.6762646844684075,0.0796984097544892
4,transfusion,GBM,Recall,Standard,0.28310457516339865,0.09558994468054273
5,transfusion,GBM,Recall,Normalized,0.2852247191011236,0.09530996151528413
4,transfusion,GBM,F1-score,Standard,0.3623065218171048,0.10408780069254416
5,transfusion,GBM,F1-score,Normalized,0.5703842066943465,0.1707492610301217
4,transfusion,GBM,MCC,Standard,0.25969374311909155,0.12290461319370422
5,transfusion,GBM,MCC,Normalized,0.7232219248706191,0.09715692690146413
4,transfusion,GBM,Precision,Standard,0.5339089684824978,0.15007208876333702
5,transfusion,GBM,Precision,Normalized,0.8363483146067413,0.11403880599707011
4,transfusion,GBM,Accuracy,Standard,0.7684522522522523,0.03678561042919041
5,transfusion,GBM,Accuracy,Normalized,0.8488696156949174,0.04525725424224643
4,transfusion,CART,G-mean,Standard,0.5040823233364179,0.07193471886151942
5,transfusion,CART,G-mean,Normalized,0.5991735374564633,0.09735194777982085
4,transfusion,CART,Kappa,Standard,0.1653014726970929,0.09689048330866105
5,transfusion,CART,Kappa,Normalized,0.6772607686101655,0.09091993782402735
4,transfusion,CART,Bal. acc.,Standard,0.5770037839697282,0.04614337623803659
5,transfusion,CART,Bal. acc.,Normalized,0.6374627599913419,0.07698947474441349
4,transfusion,CART,Recall,Standard,0.307516339869281,0.0896241457689045
5,transfusion,CART,Recall,Normalized,0.30938202247191016,0.08889286272135477
4,transfusion,CART,F1-score,Standard,0.3386242084733443,0.07989931656506835
5,transfusion,CART,F1-score,Normalized,0.5315600464393239,0.13956895104049472
4,transfusion,CART,MCC,Standard,0.16937612706872635,0.09872896176175125
5,transfusion,CART,MCC,Normalized,0.6508578484425116,0.0845679240468619
4,transfusion,CART,Precision,Standard,0.39048835335369525,0.09221349410623299
5,transfusion,CART,Precision,Normalized,0.7336597532418976,0.10767901473591557
4,transfusion,CART,Accuracy,Standard,0.718781981981982,0.03986124884093772
5,transfusion,CART,Accuracy,Normalized,0.7858996635116786,0.05175363371048022
4,transfusion,RF,G-mean,Standard,0.4907086565415258,0.0813449963586689
5,transfusion,RF,G-mean,Normalized,0.5803099234538264,0.11194809146411898
4,transfusion,RF,Kappa,Standard,0.18329460024118918,0.10905572900770714
5,transfusion,RF,Kappa,Normalized,0.691287707353549,0.09946681553799161
4,transfusion,RF,Bal. acc.,Standard,0.5811248710010319,0.04870447999512815
5,transfusion,RF,Bal. acc.,Normalized,0.6438970660579705,0.0811204463940025
4,transfusion,RF,Recall,Standard,0.2813725490196078,0.09088786990326593
5,transfusion,RF,Recall,Normalized,0.2832022471910113,0.09019993153004185
4,transfusion,RF,F1-score,Standard,0.3350823553779261,0.09268999035940333
5,transfusion,RF,F1-score,Normalized,0.5255599283732463,0.1599798495355122
4,transfusion,RF,MCC,Standard,0.19263752109436516,0.11463595849852222
5,transfusion,RF,MCC,Normalized,0.6694875932230072,0.0960908823104225
4,transfusion,RF,Precision,Standard,0.4336874680187373,0.12515539401280432
5,transfusion,RF,Precision,Normalized,0.7641208996635117,0.1229956564416785
4,transfusion,RF,Accuracy,Standard,0.7388468468468469,0.03939271989816863
5,transfusion,RF,Accuracy,Normalized,0.8115520769790825,0.05031312568810079
4,transfusion,LR,G-mean,Standard,0.31145700614467414,0.12575210046331955
5,transfusion,LR,G-mean,Normalized,0.3379519471063972,0.15363174344522368
4,transfusion,LR,Kappa,Standard,0.12260489011901488,0.09053363414206186
5,transfusion,LR,Kappa,Normalized,0.6363757649697948,0.09324595838727559
4,transfusion,LR,Bal. acc.,Standard,0.5451281389748882,0.03410113656984661
5,transfusion,LR,Bal. acc.,Normalized,0.5836730356756332,0.061082879455808696
4,transfusion,LR,Recall,Standard,0.11604575163398692,0.06822711586730199
5,transfusion,LR,Recall,Normalized,0.11786516853932584,0.06796118291743775
4,transfusion,LR,F1-score,Standard,0.18762587386340251,0.10140822718533835
5,transfusion,LR,F1-score,Normalized,0.2804554398945276,0.1611888932418182
4,transfusion,LR,MCC,Standard,0.179750908948095,0.12367315457526343
5,transfusion,LR,MCC,Normalized,0.6584857041657648,0.105506554174529
4,transfusion,LR,Precision,Standard,0.5983253968253969,0.2866172217153474
5,transfusion,LR,Precision,Normalized,0.8036451917589876,0.2777930850894659
4,transfusion,LR,Accuracy,Standard,0.7709945945945946,0.02206666571037435
5,transfusion,LR,Accuracy,Normalized,0.8531963438871292,0.027295384052398997
6,ecoli,kNN,G-mean,Standard,0.665611071271389,0.24937643094309178
7,ecoli,kNN,G-mean,Normalized,0.7676683222958056,0.2633899356940467
6,ecoli,kNN,Kappa,Standard,0.523924044446369,0.25657169810151864
7,ecoli,kNN,Kappa,Normalized,0.8960476453274466,0.1698681249400571
6,ecoli,kNN,Bal. acc.,Standard,0.7454543010752688,0.1310457104496431
7,ecoli,kNN,Bal. acc.,Normalized,0.8333866813833701,0.1485896165841296
6,ecoli,kNN,Recall,Standard,0.5208333333333333,0.2607081701826776
7,ecoli,kNN,Recall,Normalized,0.5233333333333333,0.2557885411385306
6,ecoli,kNN,F1-score,Standard,0.5618333333333334,0.244414837801979
7,ecoli,kNN,F1-score,Normalized,0.8563272626931565,0.2669895106381887
6,ecoli,kNN,MCC,Standard,0.5416282843604656,0.2599660780542345
7,ecoli,kNN,MCC,Normalized,0.8951250919793966,0.15616156097767928
6,ecoli,kNN,Precision,Standard,0.6719999999999999,0.3023599767752927
7,ecoli,kNN,Precision,Normalized,0.8854056291390726,0.2712900660305181
6,ecoli,kNN,Accuracy,Standard,0.9233264578558695,0.03653129931482333
7,ecoli,kNN,Accuracy,Normalized,0.9612086092715231,0.0300803302605658
6,ecoli,SVM,G-mean,Standard,0.7453770116041852,0.23205106848630186
7,ecoli,SVM,G-mean,Normalized,0.8329746136865342,0.2266549664101651
6,ecoli,SVM,Kappa,Standard,0.5958635920960771,0.2704232186824247
7,ecoli,SVM,Kappa,Normalized,0.9196146063281826,0.14743639944307185
6,ecoli,SVM,Bal. acc.,Standard,0.7971263440860217,0.14481384492029384
7,ecoli,SVM,Bal. acc.,Normalized,0.8733876011773364,0.14214228264689505
6,ecoli,SVM,Recall,Standard,0.6308333333333334,0.28167529572580946
7,ecoli,SVM,Recall,Normalized,0.6322222222222222,0.2786131882053958
6,ecoli,SVM,F1-score,Standard,0.6332063492063491,0.24958049257226164
7,ecoli,SVM,F1-score,Normalized,0.8970447019867549,0.21201772823820172
6,ecoli,SVM,MCC,Standard,0.6093682443914312,0.2709631555607371
7,ecoli,SVM,MCC,Normalized,0.9160467255334804,0.13770827297810945
6,ecoli,SVM,Precision,Standard,0.6863333333333332,0.2790696846468439
7,ecoli,SVM,Precision,Normalized,0.9176085356880058,0.2086331941709951
6,ecoli,SVM,Accuracy,Standard,0.9286666666666666,0.0460336727833168
7,ecoli,SVM,Accuracy,Normalized,0.9625487490802059,0.038197332587978645
6,ecoli,NB,G-mean,Standard,0.8054399284126411,0.10732340766736291
7,ecoli,NB,G-mean,Normalized,0.9105141648270788,0.09785257657948036
6,ecoli,NB,Kappa,Standard,0.3346067881316868,0.14972236164382713
7,ecoli,NB,Kappa,Normalized,0.8599733259749816,0.09557462713688923
6,ecoli,NB,Bal. acc.,Standard,0.8186559139784945,0.10074817670440091
7,ecoli,NB,Bal. acc.,Normalized,0.9109050772626931,0.10611983002720592
6,ecoli,NB,Recall,Standard,0.9283333333333332,0.14143117682384526
7,ecoli,NB,Recall,Normalized,0.9283333333333332,0.14143117682384526
6,ecoli,NB,F1-score,Standard,0.4409630751952464,0.12104621632468769
7,ecoli,NB,F1-score,Normalized,0.8683885209713025,0.09253928590025104
6,ecoli,NB,MCC,Standard,0.4244586193741923,0.14920325593331435
7,ecoli,NB,MCC,Normalized,0.8796228844738778,0.09891650220844099
6,ecoli,NB,Precision,Standard,0.3007117870052653,0.11531461246564405
7,ecoli,NB,Precision,Normalized,0.8356383370125093,0.09200453374319849
6,ecoli,NB,Accuracy,Standard,0.7317089381207029,0.11689493116104602
7,ecoli,NB,Accuracy,Normalized,0.7573160412067697,0.12873188354433932
6,ecoli,GBM,G-mean,Standard,0.7091156274637685,0.21190383378308747
7,ecoli,GBM,G-mean,Normalized,0.8075919793966152,0.20825845027903822
6,ecoli,GBM,Kappa,Standard,0.5827131795874115,0.24502236759699314
7,ecoli,GBM,Kappa,Normalized,0.9274429727740987,0.12250450012717756
6,ecoli,GBM,Bal. acc.,Standard,0.7686370967741936,0.13153148646952337
7,ecoli,GBM,Bal. acc.,Normalized,0.855551876379691,0.12760955656930234
6,ecoli,GBM,Recall,Standard,0.5608333333333333,0.26083599572656124
7,ecoli,GBM,Recall,Normalized,0.5619444444444444,0.2584932300854318
6,ecoli,GBM,F1-score,Standard,0.6152777777777777,0.23047980819999453
7,ecoli,GBM,F1-score,Normalized,0.9047240618101546,0.18930817078498055
6,ecoli,GBM,MCC,Standard,0.6097445392336011,0.24051057639633608
7,ecoli,GBM,MCC,Normalized,0.9269610007358351,0.11872216144038845
6,ecoli,GBM,Precision,Standard,0.7773333333333333,0.2804016959847267
7,ecoli,GBM,Precision,Normalized,0.937852281089036,0.18961290863102218
6,ecoli,GBM,Accuracy,Standard,0.9331749427043544,0.038758937063071756
7,ecoli,GBM,Accuracy,Normalized,0.9681723693892568,0.03111360622140635
6,ecoli,CART,G-mean,Standard,0.7031916463646175,0.23045654288919215
7,ecoli,CART,G-mean,Normalized,0.8012647167034586,0.2318755902432026
6,ecoli,CART,Kappa,Standard,0.5112658382987294,0.2552126728897378
7,ecoli,CART,Kappa,Normalized,0.8990139808682853,0.15291945763892084
6,ecoli,CART,Bal. acc.,Standard,0.7627634408602151,0.13770549806386453
7,ecoli,CART,Bal. acc.,Normalized,0.8469885945548196,0.14194356590444251
6,ecoli,CART,Recall,Standard,0.5766666666666667,0.27097560365792667
7,ecoli,CART,Recall,Normalized,0.5783333333333333,0.2674865867180522
6,ecoli,CART,F1-score,Standard,0.5582178932178933,0.23662637812742018
7,ecoli,CART,F1-score,Normalized,0.8713980868285504,0.22473175889914962
6,ecoli,CART,MCC,Standard,0.5224096896567739,0.2581042709334247
7,ecoli,CART,MCC,Normalized,0.891383370125092,0.14163782194864596
6,ecoli,CART,Precision,Standard,0.5817142857142856,0.26374760318520635
7,ecoli,CART,Precision,Normalized,0.893289183222958,0.2235052782516446
6,ecoli,CART,Accuracy,Standard,0.9105421441303794,0.04689614024701767
7,ecoli,CART,Accuracy,Normalized,0.9484289919058131,0.04263603684093163
6,ecoli,RF,G-mean,Standard,0.6346963081417263,0.2442698607893412
7,ecoli,RF,G-mean,Normalized,0.7372617733627667,0.258705836602785
6,ecoli,RF,Kappa,Standard,0.5146036582384893,0.2610090611096657
7,ecoli,RF,Kappa,Normalized,0.8933682855040472,0.16559864277019218
6,ecoli,RF,Bal. acc.,Standard,0.7257096774193548,0.12800831693951964
7,ecoli,RF,Bal. acc.,Normalized,0.8139551140544519,0.14457044640699115
6,ecoli,RF,Recall,Standard,0.47166666666666673,0.2530974779276422
7,ecoli,RF,Recall,Normalized,0.47416666666666674,0.2485220200393608
6,ecoli,RF,F1-score,Standard,0.5486428571428571,0.2493131985829357
7,ecoli,RF,F1-score,Normalized,0.850103016924209,0.26597263788263237
6,ecoli,RF,MCC,Standard,0.5430001095436452,0.26424291600689215
7,ecoli,RF,MCC,Normalized,0.8943294701986754,0.15670767124132762
6,ecoli,RF,Precision,Standard,0.7398333333333333,0.32372738016217706
7,ecoli,RF,Precision,Normalized,0.8917356512141279,0.2736635729806662
6,ecoli,RF,Accuracy,Standard,0.9269528902470079,0.03686833057725631
7,ecoli,RF,Accuracy,Normalized,0.9639909860191318,0.030238266842345065
6,ecoli,LR,G-mean,Standard,0.6303018850236773,0.26993959175705334
7,ecoli,LR,G-mean,Normalized,0.7302198307579101,0.2881853869038565
6,ecoli,LR,Kappa,Standard,0.48194685982478086,0.27356242189337054
7,ecoli,LR,Kappa,Normalized,0.8742365710080943,0.17796750610714573
6,ecoli,LR,Bal. acc.,Standard,0.7265591397849462,0.13565633757374493
7,ecoli,LR,Bal. acc.,Normalized,0.8110255702722589,0.15693963325745006
6,ecoli,LR,Recall,Standard,0.48666666666666664,0.26995884460002006
7,ecoli,LR,Recall,Normalized,0.49,0.2640356317143859
6,ecoli,LR,F1-score,Standard,0.5216479076479076,0.2635055969965641
7,ecoli,LR,F1-score,Normalized,0.8170768947755701,0.30011779956321666
6,ecoli,LR,MCC,Standard,0.4974143605099696,0.27876173933510434
7,ecoli,LR,MCC,Normalized,0.8692577262693156,0.1700846279962154
6,ecoli,LR,Precision,Standard,0.6181666666666666,0.3262366416757659
7,ecoli,LR,Precision,Normalized,0.8483278145695362,0.3061818159275569
6,ecoli,LR,Accuracy,Standard,0.9170687547746371,0.040663753034454506
7,ecoli,LR,Accuracy,Normalized,0.9551738410596028,0.03548623859713189
8,new-thyroid,kNN,G-mean,Standard,0.9106439345377991,0.11819935931215517
9,new-thyroid,kNN,G-mean,Normalized,0.9596867283950616,0.07302504635739661
8,new-thyroid,kNN,Kappa,Standard,0.8770886101864898,0.1563275988397861
9,new-thyroid,kNN,Kappa,Normalized,0.9872901234567901,0.025502490083465317
8,new-thyroid,kNN,Bal. acc.,Standard,0.9212173202614379,0.09955589200428797
9,new-thyroid,kNN,Bal. acc.,Normalized,0.9661944444444444,0.05735074040109844
8,new-thyroid,kNN,Recall,Standard,0.8475,0.19827555180718687
9,new-thyroid,kNN,Recall,Normalized,0.8475,0.19827555180718687
8,new-thyroid,kNN,F1-score,Standard,0.8929126984126984,0.13944660155887262
9,new-thyroid,kNN,F1-score,Normalized,0.9846342592592591,0.03441579641178407
8,new-thyroid,kNN,MCC,Standard,0.8885472640371553,0.14011181270067313
9,new-thyroid,kNN,MCC,Normalized,0.9884814814814814,0.024686105922893872
8,new-thyroid,kNN,Precision,Standard,0.977,0.07791662210337406
9,new-thyroid,kNN,Precision,Normalized,0.9966018518518518,0.012560931739836795
8,new-thyroid,kNN,Accuracy,Standard,0.970699134199134,0.03483780394786097
9,new-thyroid,kNN,Accuracy,Normalized,0.9916682098765434,0.013480298142991098
8,new-thyroid,SVM,G-mean,Standard,0.9549070674374487,0.12442236105524189
9,new-thyroid,SVM,G-mean,Normalized,0.9762901234567901,0.10488237100412555
8,new-thyroid,SVM,Kappa,Standard,0.9403473633374861,0.1406238963132387
9,new-thyroid,SVM,Kappa,Normalized,0.9907175925925926,0.051233221642099896
8,new-thyroid,SVM,Bal. acc.,Standard,0.96359477124183,0.08227836648343767
9,new-thyroid,SVM,Bal. acc.,Normalized,0.9831342592592592,0.05971814790948064
8,new-thyroid,SVM,Recall,Standard,0.93,0.16445195178058683
9,new-thyroid,SVM,Recall,Normalized,0.9302777777777778,0.16289695106620833
8,new-thyroid,SVM,F1-score,Standard,0.9470238095238096,0.13280765491807126
9,new-thyroid,SVM,F1-score,Normalized,0.9851574074074074,0.09806991160253177
8,new-thyroid,SVM,MCC,Standard,0.9448193130157412,0.13260386517124115
9,new-thyroid,SVM,MCC,Normalized,0.9912746913580247,0.05062940431898111
8,new-thyroid,SVM,Precision,Standard,0.9790000000000001,0.10958558299338465
9,new-thyroid,SVM,Precision,Normalized,0.988800925925926,0.09680447497049982
8,new-thyroid,SVM,Accuracy,Standard,0.9864653679653679,0.02686778419296083
9,new-thyroid,SVM,Accuracy,Normalized,0.9963641975308641,0.010006673584777389
8,new-thyroid,NB,G-mean,Standard,0.9843608679646906,0.018638860211859145
9,new-thyroid,NB,G-mean,Normalized,0.9984027777777779,0.0023068148799287188
8,new-thyroid,NB,Kappa,Standard,0.9169804515951779,0.09699509817475961
9,new-thyroid,NB,Kappa,Normalized,0.9948256172839507,0.0073767838885783945
8,new-thyroid,NB,Bal. acc.,Standard,0.9846568627450981,0.018209822149302137
9,new-thyroid,NB,Bal. acc.,Normalized,0.9984305555555557,0.0022298239963884363
8,new-thyroid,NB,Recall,Standard,1.0,0.0
9,new-thyroid,NB,Recall,Normalized,1.0,0.0
8,new-thyroid,NB,F1-score,Standard,0.9323571428571431,0.07905198998242491
9,new-thyroid,NB,F1-score,Normalized,0.9950262345679011,0.007155465154996015
8,new-thyroid,NB,MCC,Standard,0.923618242994853,0.08823267929241578
9,new-thyroid,NB,MCC,Normalized,0.9953117283950615,0.00649989228217875
8,new-thyroid,NB,Precision,Standard,0.8831666666666667,0.1336765374576506
9,new-thyroid,NB,Precision,Normalized,0.9834074074074074,0.019881089408012392
8,new-thyroid,NB,Accuracy,Standard,0.9742770562770562,0.03056894336937473
9,new-thyroid,NB,Accuracy,Normalized,0.9934583333333336,0.009768991343656105
8,new-thyroid,GBM,G-mean,Standard,0.914757709706506,0.13716682456507448
9,new-thyroid,GBM,G-mean,Normalized,0.9601358024691359,0.11022591035952568
8,new-thyroid,GBM,Kappa,Standard,0.868351132997858,0.16581498488464202
9,new-thyroid,GBM,Kappa,Normalized,0.9838703703703705,0.05299169915987439
8,new-thyroid,GBM,Bal. acc.,Standard,0.9273120915032679,0.09731612802985638
9,new-thyroid,GBM,Bal. acc.,Normalized,0.9690478395061729,0.06628959023245092
8,new-thyroid,GBM,Recall,Standard,0.8675000000000002,0.1961770034093361
9,new-thyroid,GBM,Recall,Normalized,0.8677777777777779,0.19496438421186343
8,new-thyroid,GBM,F1-score,Standard,0.8855238095238094,0.15233196633255364
9,new-thyroid,GBM,F1-score,Normalized,0.9775833333333331,0.09910393530026025
8,new-thyroid,GBM,MCC,Standard,0.8789448134356616,0.15458412783761383
9,new-thyroid,GBM,MCC,Normalized,0.9849120370370369,0.05244852470537188
8,new-thyroid,GBM,Precision,Standard,0.9381666666666666,0.14769140123920552
9,new-thyroid,GBM,Precision,Normalized,0.9823935185185185,0.09798894003318515
8,new-thyroid,GBM,Accuracy,Standard,0.9677142857142857,0.03672258573504573
9,new-thyroid,GBM,Accuracy,Normalized,0.9904830246913582,0.017270911844982913
8,new-thyroid,CART,G-mean,Standard,0.9132899231966968,0.13759564651181894
9,new-thyroid,CART,G-mean,Normalized,0.9595555555555557,0.11137376295125193
8,new-thyroid,CART,Kappa,Standard,0.8466248348060844,0.169280019698258
9,new-thyroid,CART,Kappa,Normalized,0.981483024691358,0.053940033141064214
8,new-thyroid,CART,Bal. acc.,Standard,0.9256127450980393,0.09789295837491785
9,new-thyroid,CART,Bal. acc.,Normalized,0.9682993827160494,0.06816684225669768
8,new-thyroid,CART,Recall,Standard,0.8741666666666668,0.19807931912914753
9,new-thyroid,CART,Recall,Normalized,0.8744444444444445,0.1968690107848551
8,new-thyroid,CART,F1-score,Standard,0.8683571428571429,0.15393415818683434
9,new-thyroid,CART,F1-score,Normalized,0.9752422839506173,0.09954421271627652
8,new-thyroid,CART,MCC,Standard,0.857928369087294,0.15946668486824672
9,new-thyroid,CART,MCC,Normalized,0.9822577160493826,0.05404114512187613
8,new-thyroid,CART,Precision,Standard,0.8988333333333333,0.1635925663891174
9,new-thyroid,CART,Precision,Normalized,0.9766157407407409,0.09818944569234705
8,new-thyroid,CART,Accuracy,Standard,0.9603549783549784,0.039745761627649444
9,new-thyroid,CART,Accuracy,Normalized,0.9875524691358027,0.020660407375873602
8,new-thyroid,RF,G-mean,Standard,0.9434867248824272,0.09321485461533312
9,new-thyroid,RF,G-mean,Normalized,0.9775524691358025,0.05024826633526514
8,new-thyroid,RF,Kappa,Standard,0.9229172354878048,0.1189005376920498
9,new-thyroid,RF,Kappa,Normalized,0.9935972222222224,0.01488596109285965
8,new-thyroid,RF,Bal. acc.,Standard,0.9494281045751634,0.08046771815614605
9,new-thyroid,RF,Bal. acc.,Normalized,0.9808456790123457,0.03969801918837471
8,new-thyroid,RF,Recall,Standard,0.9016666666666667,0.1621813114319211
9,new-thyroid,RF,Recall,Normalized,0.9016666666666667,0.1621813114319211
8,new-thyroid,RF,F1-score,Standard,0.9328253968253968,0.10595327388007304
9,new-thyroid,RF,F1-score,Normalized,0.9924891975308641,0.019983096792701063
8,new-thyroid,RF,MCC,Standard,0.9303534557988258,0.10498911042446708
9,new-thyroid,RF,MCC,Normalized,0.9944814814814813,0.012022667111033817
8,new-thyroid,RF,Precision,Standard,0.9884999999999999,0.050425687898133814
9,new-thyroid,RF,Precision,Normalized,0.9984444444444445,0.006835102149871417
8,new-thyroid,RF,Accuracy,Standard,0.9818138528138527,0.02629300848722543
9,new-thyroid,RF,Accuracy,Normalized,0.9957530864197532,0.007447917775811208
8,new-thyroid,LR,G-mean,Standard,0.9451997013032589,0.09665724336771611
9,new-thyroid,LR,G-mean,Normalized,0.9770864197530865,0.056686783157076884
8,new-thyroid,LR,Kappa,Standard,0.9204634527567661,0.12707416261461585
9,new-thyroid,LR,Kappa,Normalized,0.9928302469135802,0.01737848129665022
8,new-thyroid,LR,Bal. acc.,Standard,0.9512336601307189,0.08208143455578448
9,new-thyroid,LR,Bal. acc.,Normalized,0.9807453703703704,0.043981529429256955
8,new-thyroid,LR,Recall,Standard,0.9075,0.16452583383772895
9,new-thyroid,LR,Recall,Normalized,0.9075,0.16452583383772895
8,new-thyroid,LR,F1-score,Standard,0.9311746031746033,0.11314850207712787
9,new-thyroid,LR,F1-score,Normalized,0.9914598765432098,0.023588145653670053
8,new-thyroid,LR,MCC,Standard,0.927825670127404,0.11246112518418164
9,new-thyroid,LR,MCC,Normalized,0.9937654320987654,0.014137638702236962
8,new-thyroid,LR,Precision,Standard,0.9795,0.06561059365681733
9,new-thyroid,LR,Precision,Normalized,0.9972314814814816,0.008881164660892282
8,new-thyroid,LR,Accuracy,Standard,0.9804891774891776,0.028774221608301086
9,new-thyroid,LR,Accuracy,Normalized,0.9951049382716051,0.008899199909578137
10,arcene,kNN,G-mean,Standard,0.8184845452703864,0.08403073028150648
11,arcene,kNN,G-mean,Normalized,0.925346524808591,0.05728282618757295
10,arcene,kNN,Kappa,Standard,0.6406466493254379,0.16329917298762808
11,arcene,kNN,Kappa,Normalized,0.9209555533459282,0.062113250515670564
10,arcene,kNN,Bal. acc.,Standard,0.8232765151515151,0.0819735854532266
11,arcene,kNN,Bal. acc.,Normalized,0.9221547181067912,0.06225692498452674
10,arcene,kNN,Recall,Standard,0.8429166666666668,0.12161615833899621
11,arcene,kNN,Recall,Normalized,0.8419101123595507,0.12227336757086167
10,arcene,kNN,F1-score,Standard,0.8051688200860028,0.08902504929167582
11,arcene,kNN,F1-score,Normalized,0.9198319578403102,0.06738646212590022
10,arcene,kNN,MCC,Standard,0.6514258006037378,0.16279458896331397
11,arcene,kNN,MCC,Normalized,0.9168827682211395,0.06787816473126589
10,arcene,kNN,Precision,Standard,0.7826397768897769,0.10588887543392311
11,arcene,kNN,Precision,Normalized,0.879376553644228,0.06947368710887024
10,arcene,kNN,Accuracy,Standard,0.8211040100250625,0.08173506249164007
11,arcene,kNN,Accuracy,Normalized,0.9204742965098938,0.06307412047191682
10,arcene,SVM,G-mean,Standard,0.7676353378884561,0.09516667008771007
11,arcene,SVM,G-mean,Normalized,0.8862115939146864,0.08072479786320999
10,arcene,SVM,Kappa,Standard,0.5595988741199818,0.17464629190690542
11,arcene,SVM,Kappa,Normalized,0.8867008054091677,0.08127076592655667
10,arcene,SVM,Bal. acc.,Standard,0.7777777777777776,0.08771459284799737
11,arcene,SVM,Bal. acc.,Normalized,0.8837536044546087,0.08231486303940092
10,arcene,SVM,Recall,Standard,0.7147222222222221,0.15588284022477653
11,arcene,SVM,Recall,Normalized,0.7132584269662924,0.15600167680594618
10,arcene,SVM,F1-score,Standard,0.7402310899454863,0.11213132396914592
11,arcene,SVM,F1-score,Normalized,0.8592482847767724,0.11777245699958717
10,arcene,SVM,MCC,Standard,0.5724603352813512,0.17485880732366518
11,arcene,SVM,MCC,Normalized,0.8811047031918067,0.08693021465087429
10,arcene,SVM,Precision,Standard,0.7919250471750473,0.1205165257599096
11,arcene,SVM,Precision,Normalized,0.8827582778164462,0.08118124220237838
10,arcene,SVM,Accuracy,Standard,0.7852030075187969,0.08464128861120598
11,arcene,SVM,Accuracy,Normalized,0.8908402107984488,0.07685266033988511
10,arcene,NB,G-mean,Standard,0.5116490524202194,0.12757355316544253
11,arcene,NB,G-mean,Normalized,0.6042348612906432,0.16889645088665017
10,arcene,NB,Kappa,Standard,0.06731154330650341,0.23636746792126154
11,arcene,NB,Kappa,Normalized,0.5570836233469226,0.192791813155478
10,arcene,NB,Bal. acc.,Standard,0.5333459595959597,0.11771893955943044
11,arcene,NB,Bal. acc.,Normalized,0.5566202644923934,0.190216056119734
10,arcene,NB,Recall,Standard,0.4397222222222221,0.16663448763427036
11,arcene,NB,Recall,Normalized,0.44168539325842704,0.16419644381839008
10,arcene,NB,F1-score,Standard,0.4528587484926494,0.14622545795044184
11,arcene,NB,F1-score,Normalized,0.4951476583474198,0.1918316809038429
10,arcene,NB,MCC,Standard,0.06917175405592198,0.2416923785754613
11,arcene,NB,MCC,Normalized,0.5527373968380231,0.1792260965496453
10,arcene,NB,Precision,Standard,0.48448556998557,0.14939549380594888
11,arcene,NB,Precision,Normalized,0.56006960326141,0.20620000123679247
10,arcene,NB,Accuracy,Standard,0.5449360902255639,0.11692322443701535
11,arcene,NB,Accuracy,Normalized,0.5766868847568858,0.18503129776430166
10,arcene,GBM,G-mean,Standard,0.8269774751256738,0.09537542200683162
11,arcene,GBM,G-mean,Normalized,0.9277140300288358,0.06638106766629524
10,arcene,GBM,Kappa,Standard,0.6681071932132369,0.17955797551722355
11,arcene,GBM,Kappa,Normalized,0.9276712737396838,0.06670714675731591
10,arcene,GBM,Bal. acc.,Standard,0.8334659090909091,0.08994217371442481
11,arcene,GBM,Bal. acc.,Normalized,0.9265118822710551,0.06790773283376865
10,arcene,GBM,Recall,Standard,0.8054166666666666,0.1422712453487577
11,arcene,GBM,Recall,Normalized,0.8043820224719102,0.14239191565618056
10,arcene,GBM,F1-score,Standard,0.8104724060096586,0.10703275966272245
11,arcene,GBM,F1-score,Normalized,0.9161270756686887,0.0907805328626134
10,arcene,GBM,MCC,Standard,0.6790744799250272,0.17639655420694494
11,arcene,GBM,MCC,Normalized,0.9246435318683504,0.0717085601306068
10,arcene,GBM,Precision,Standard,0.834328282828283,0.12089216944792154
11,arcene,GBM,Precision,Normalized,0.9094720095455903,0.07390212877982034
10,arcene,GBM,Accuracy,Standard,0.8370112781954886,0.08793902908215347
11,arcene,GBM,Accuracy,Normalized,0.9292383414537139,0.06493761070975507
10,arcene,CART,G-mean,Standard,0.7081247476009787,0.0999094628031259
11,arcene,CART,G-mean,Normalized,0.83316297106493,0.09684293383148175
10,arcene,CART,Kappa,Standard,0.4334937394034866,0.1915750148814883
11,arcene,CART,Kappa,Normalized,0.8204693248483647,0.11032095148662986
10,arcene,CART,Bal. acc.,Standard,0.7165972222222221,0.09565471465622156
11,arcene,CART,Bal. acc.,Normalized,0.819085214278612,0.11006950838404647
10,arcene,CART,Recall,Standard,0.6806944444444444,0.14776491955338142
11,arcene,CART,Recall,Normalized,0.6794382022471913,0.14713915374339584
10,arcene,CART,F1-score,Standard,0.6790577692748913,0.11386738179053787
11,arcene,CART,F1-score,Normalized,0.7928418017301382,0.1362981608660522
10,arcene,CART,MCC,Standard,0.4423160429107286,0.1944863257631138
11,arcene,CART,MCC,Normalized,0.8089987073680024,0.11596791710411139
10,arcene,CART,Precision,Standard,0.6961180763680762,0.1285798274018702
11,arcene,CART,Precision,Normalized,0.8070895893407577,0.11095032241878433
10,arcene,CART,Accuracy,Standard,0.7210827067669173,0.09463984392641779
11,arcene,CART,Accuracy,Normalized,0.8233369792184547,0.10771001655174767
10,arcene,RF,G-mean,Standard,0.7657324665734996,0.09806933439699164
11,arcene,RF,G-mean,Normalized,0.8840210798448841,0.0854520737456173
10,arcene,RF,Kappa,Standard,0.5626048684382748,0.1764302353451094
11,arcene,RF,Kappa,Normalized,0.8877170130257533,0.08297391066935667
10,arcene,RF,Bal. acc.,Standard,0.7776767676767677,0.08825494389220459
11,arcene,RF,Bal. acc.,Normalized,0.8834642537536045,0.0841973788654268
10,arcene,RF,Recall,Standard,0.6919444444444445,0.1523653524174179
11,arcene,RF,Recall,Normalized,0.6908988764044943,0.15171031838492893
10,arcene,RF,F1-score,Standard,0.7360680798576545,0.11642257677902723
11,arcene,RF,F1-score,Normalized,0.8529442179576415,0.12707363707549815
10,arcene,RF,MCC,Standard,0.5767326426712052,0.1753095104827157
11,arcene,RF,MCC,Normalized,0.8829710649298995,0.08790298110596763
10,arcene,RF,Precision,Standard,0.8117424242424243,0.12337598473080108
11,arcene,RF,Precision,Normalized,0.8951406980212788,0.07936103727281446
10,arcene,RF,Accuracy,Standard,0.7879949874686716,0.08505681168748103
11,arcene,RF,Accuracy,Normalized,0.8929521726160883,0.07834817055784148
10,arcene,LR,G-mean,Standard,0.8469137083361804,0.07095879388940685
11,arcene,LR,G-mean,Normalized,0.9455503629312918,0.04153635375227225
10,arcene,LR,Kappa,Standard,0.6937493217341033,0.13982011463378097
11,arcene,LR,Kappa,Normalized,0.942099035497663,0.04494014125359824
10,arcene,LR,Bal. acc.,Standard,0.85145202020202,0.0687579416807918
11,arcene,LR,Bal. acc.,Normalized,0.9445808889330816,0.04389166471983978
10,arcene,LR,Recall,Standard,0.8922222222222222,0.09114159381674643
11,arcene,LR,Recall,Normalized,0.8914606741573036,0.0917809042065538
10,arcene,LR,F1-score,Standard,0.8379373754563886,0.07174340263581362
11,arcene,LR,F1-score,Normalized,0.946054489410361,0.042475174785783804
10,arcene,LR,MCC,Standard,0.7061966080127056,0.1363400978554797
11,arcene,LR,MCC,Normalized,0.9408789897583771,0.04818168735442262
10,arcene,LR,Precision,Standard,0.7993221778221777,0.10197408401775104
11,arcene,LR,Precision,Normalized,0.8910718902257134,0.06293586642904302
10,arcene,LR,Accuracy,Standard,0.8464812030075188,0.0709629963313544
11,arcene,LR,Accuracy,Normalized,0.9407546982201451,0.04655411623549333
12,glass,kNN,G-mean,Standard,0.0,0.0
13,glass,kNN,G-mean,Normalized,0.06034968979131416,0.0
12,glass,kNN,Kappa,Standard,-0.007502546689303899,0.022076174140184434
13,glass,kNN,Kappa,Normalized,0.47685843203609707,0.068715757361387
12,glass,kNN,Bal. acc.,Standard,0.49668421052631573,0.00999909968246311
13,glass,kNN,Bal. acc.,Normalized,0.4940524534686972,0.018687405758245717
12,glass,kNN,Recall,Standard,0.0,0.0
13,glass,kNN,Recall,Normalized,0.05555555555555556,6.938893903907228e-18
12,glass,kNN,F1-score,Standard,0.0,0.0
13,glass,kNN,F1-score,Normalized,0.05555555555555556,6.938893903907228e-18
12,glass,kNN,MCC,Standard,-0.007771972303422546,0.022786323736040306
13,glass,kNN,MCC,Normalized,0.48958262831359284,0.031363559114065125
12,glass,kNN,Precision,Standard,0.0,0.0
13,glass,kNN,Precision,Normalized,0.05555555555555556,6.938893903907228e-18
12,glass,kNN,Accuracy,Standard,0.9148419913419913,0.0269944098729667
13,glass,kNN,Accuracy,Normalized,0.9465228426395942,0.027741139972403576
12,glass,SVM,G-mean,Standard,0.0,0.0
13,glass,SVM,G-mean,Normalized,0.06034968979131416,0.0
12,glass,SVM,Kappa,Standard,0.0,0.0
13,glass,SVM,Kappa,Normalized,0.5002820078962211,0.0
12,glass,SVM,Bal. acc.,Standard,0.5,0.0
13,glass,SVM,Bal. acc.,Normalized,0.5002820078962211,0.0
12,glass,SVM,Recall,Standard,0.0,0.0
13,glass,SVM,Recall,Normalized,0.05555555555555556,6.938893903907228e-18
12,glass,SVM,F1-score,Standard,0.0,0.0
13,glass,SVM,F1-score,Normalized,0.05555555555555556,6.938893903907228e-18
12,glass,SVM,MCC,Standard,0.0,0.0
13,glass,SVM,MCC,Normalized,0.5002820078962211,0.0
12,glass,SVM,Precision,Standard,0.0,0.0
13,glass,SVM,Precision,Normalized,0.05555555555555556,6.938893903907228e-18
12,glass,SVM,Accuracy,Standard,0.9209307359307358,0.019072457732380713
13,glass,SVM,Accuracy,Normalized,0.9530456852791882,0.018613482516319512
12,glass,NB,G-mean,Standard,0.5385131720386744,0.18946846804402673
13,glass,NB,G-mean,Normalized,0.6468330513254371,0.21342790227871902
12,glass,NB,Kappa,Standard,0.05004155770201366,0.08279964515946849
13,glass,NB,Kappa,Normalized,0.5897095318668922,0.18714054997741042
12,glass,NB,Bal. acc.,Standard,0.5961973684210526,0.1648767582005931
13,glass,NB,Bal. acc.,Normalized,0.6473575860124083,0.2434293449177079
12,glass,NB,Recall,Standard,0.765,0.31980462785894764
13,glass,NB,Recall,Normalized,0.7694444444444444,0.30935765788780334
12,glass,NB,F1-score,Standard,0.1808283043925459,0.08146381103665888
13,glass,NB,F1-score,Normalized,0.593824027072758,0.2070584381560164
12,glass,NB,MCC,Standard,0.10658476196193922,0.17455715787535572
13,glass,NB,MCC,Normalized,0.6313254371122391,0.21133533967164925
12,glass,NB,Precision,Standard,0.1036378327554798,0.048264101192104426
13,glass,NB,Precision,Normalized,0.573059785673999,0.19736306954175126
12,glass,NB,Accuracy,Standard,0.45395887445887445,0.08882512075623579
13,glass,NB,Accuracy,Normalized,0.44999999999999996,0.0961801687202689
12,glass,GBM,G-mean,Standard,0.2376474022298407,0.3608251167047372
13,glass,GBM,G-mean,Normalized,0.3121150592216581,0.37755415806512826
12,glass,GBM,Kappa,Standard,0.19165907397173712,0.32305128957449747
13,glass,GBM,Kappa,Normalized,0.612980823463057,0.25328940638387565
12,glass,GBM,Bal. acc.,Standard,0.5873684210526315,0.15320423426303167
13,glass,GBM,Bal. acc.,Normalized,0.611872532430908,0.19139135460076576
12,glass,GBM,Recall,Standard,0.19,0.3064310689208913
13,glass,GBM,Recall,Normalized,0.22833333333333336,0.28283125449376795
12,glass,GBM,F1-score,Standard,0.21033333333333332,0.3242665227521611
13,glass,GBM,F1-score,Normalized,0.339385222786238,0.42361082694646435
12,glass,GBM,MCC,Standard,0.20065044842844415,0.3365545349445042
13,glass,GBM,MCC,Normalized,0.6309701071630005,0.23121671145451744
12,glass,GBM,Precision,Standard,0.265,0.41572894481327083
13,glass,GBM,Precision,Normalized,0.34422165820642975,0.4308453692821038
12,glass,GBM,Accuracy,Standard,0.9218333333333333,0.03700842551826667
13,glass,GBM,Accuracy,Normalized,0.9516046249294982,0.03552748627834208
12,glass,CART,G-mean,Standard,0.3145457126018777,0.3945456346757264
13,glass,CART,G-mean,Normalized,0.3892921601804851,0.4063492598110296
12,glass,CART,Kappa,Standard,0.18798684957359912,0.32531243344841093
13,glass,CART,Kappa,Normalized,0.5736209813874789,0.3211168149181926
12,glass,CART,Bal. acc.,Standard,0.6047763157894736,0.18472087715915803
13,glass,CART,Bal. acc.,Normalized,0.6222278623801466,0.2298402111115861
12,glass,CART,Recall,Standard,0.27,0.363455636907725
13,glass,CART,Recall,Normalized,0.30333333333333334,0.3388816028360654
12,glass,CART,F1-score,Standard,0.23857142857142857,0.3111069403672493
13,glass,CART,F1-score,Normalized,0.41369994359842066,0.43934935050248647
12,glass,CART,MCC,Standard,0.19742277184271986,0.3403997936436164
13,glass,CART,MCC,Normalized,0.628009024252679,0.2636459882803279
12,glass,CART,Precision,Standard,0.24933333333333332,0.35233286029611893
13,glass,CART,Precision,Normalized,0.4162521150592216,0.44253429458201077
12,glass,CART,Accuracy,Standard,0.8864805194805193,0.053845013250270586
13,glass,CART,Accuracy,Normalized,0.9149182177100958,0.054315826283599794
12,glass,RF,G-mean,Standard,0.09741410669895126,0.25494574701553374
13,glass,RF,G-mean,Normalized,0.16464467005076133,0.2706413046837748
12,glass,RF,Kappa,Standard,0.07903369716566665,0.2362666109217513
13,glass,RF,Kappa,Normalized,0.5371714608009025,0.1838837399140639
12,glass,RF,Bal. acc.,Standard,0.5328684210526317,0.10359700781248864
13,glass,RF,Bal. acc.,Normalized,0.5424534686971234,0.13515620492594854
12,glass,RF,Recall,Standard,0.075,0.20463381929681126
13,glass,RF,Recall,Normalized,0.12333333333333334,0.18701356655086301
12,glass,RF,F1-score,Standard,0.08999999999999998,0.23853720883753124
13,glass,RF,F1-score,Normalized,0.1749407783417936,0.3089014712640866
12,glass,RF,MCC,Standard,0.08292313054158931,0.24621356490761673
13,glass,RF,MCC,Normalized,0.5508178228990411,0.16734328126392453
12,glass,RF,Precision,Standard,0.12,0.3171750305430741
13,glass,RF,Precision,Normalized,0.17747038917089683,0.31543746045645354
12,glass,RF,Accuracy,Standard,0.9184069264069263,0.03198111711192898
13,glass,RF,Accuracy,Normalized,0.9493626621545406,0.0313868661793734
12,glass,LR,G-mean,Standard,0.0,0.0
13,glass,LR,G-mean,Normalized,0.06034968979131416,0.0
12,glass,LR,Kappa,Standard,-0.009777650797304901,0.02364516929747781
13,glass,LR,Kappa,Normalized,0.46965877044557247,0.07395334437121741
12,glass,LR,Bal. acc.,Standard,0.495671052631579,0.010858723531396407
13,glass,LR,Bal. acc.,Normalized,0.49213197969543143,0.0203434835769512
12,glass,LR,Recall,Standard,0.0,0.0
13,glass,LR,Recall,Normalized,0.05555555555555556,6.938893903907228e-18
12,glass,LR,F1-score,Standard,0.0,0.0
13,glass,LR,F1-score,Normalized,0.05555555555555556,6.938893903907228e-18
12,glass,LR,MCC,Standard,-0.010279732765514124,0.02484174162628191
13,glass,LR,MCC,Normalized,0.4861195713479978,0.03422708308781344
12,glass,LR,Precision,Standard,0.0,0.0
13,glass,LR,Precision,Normalized,0.05555555555555556,6.938893903907228e-18
12,glass,LR,Accuracy,Standard,0.9129545454545454,0.027474727343581553
13,glass,LR,Accuracy,Normalized,0.944500846023689,0.0283095758493204
14,colon,kNN,G-mean,Standard,0.657329683549937,0.2943937620333349
15,colon,kNN,G-mean,Normalized,0.7495440084835632,0.2912010984319088
14,colon,kNN,Kappa,Standard,0.4411317291404247,0.38706584469309324
15,colon,kNN,Kappa,Normalized,0.7827571580063628,0.23592257503404798
14,colon,kNN,Bal. acc.,Standard,0.7241666666666667,0.19683079309678939
15,colon,kNN,Bal. acc.,Normalized,0.7822269353128314,0.22996875094368888
14,colon,kNN,Recall,Standard,0.6433333333333333,0.3391328812001442
15,colon,kNN,Recall,Normalized,0.6560869565217391,0.3247273103497095
14,colon,kNN,F1-score,Standard,0.614,0.29307024379908225
15,colon,kNN,F1-score,Normalized,0.7283669141039237,0.30482688030200844
14,colon,kNN,MCC,Standard,0.46436644408571814,0.3982111738016889
15,colon,kNN,MCC,Normalized,0.7845917285259809,0.23484202515533156
14,colon,kNN,Precision,Standard,0.6378333333333334,0.32784528024325404
15,colon,kNN,Precision,Normalized,0.7516861081654295,0.3042794887825913
14,colon,kNN,Accuracy,Standard,0.7483333333333334,0.17467997949992795
15,colon,kNN,Accuracy,Normalized,0.8102226935312831,0.19778872454271068
14,colon,SVM,G-mean,Standard,0.6219182520132229,0.32127509678283084
15,colon,SVM,G-mean,Normalized,0.7195334040296926,0.32504301352946957
14,colon,SVM,Kappa,Standard,0.4955601543384151,0.3210583018418385
15,colon,SVM,Kappa,Normalized,0.8229268292682927,0.1911813918762664
14,colon,SVM,Bal. acc.,Standard,0.73625,0.15910502733170384
15,colon,SVM,Bal. acc.,Normalized,0.8076882290562034,0.18221058697210993
14,colon,SVM,Recall,Standard,0.525,0.32521360501813096
15,colon,SVM,Recall,Normalized,0.5421739130434782,0.3102809873571243
14,colon,SVM,F1-score,Standard,0.5885714285714285,0.3140020364767793
15,colon,SVM,F1-score,Normalized,0.7130646871686109,0.33778903358114215
14,colon,SVM,MCC,Standard,0.528716319873009,0.3320611519818263
15,colon,SVM,MCC,Normalized,0.8297985153764581,0.1940439178674119
14,colon,SVM,Precision,Standard,0.7408333333333332,0.3881750392685124
15,colon,SVM,Precision,Normalized,0.7857900318133616,0.3667709158568546
14,colon,SVM,Accuracy,Standard,0.7999999999999998,0.11746567984327629
15,colon,SVM,Accuracy,Normalized,0.8791622481442205,0.11122180282659111
14,colon,NB,G-mean,Standard,0.6216987072825071,0.2560743069825496
15,colon,NB,G-mean,Normalized,0.71881230116649,0.2583899047766021
14,colon,NB,Kappa,Standard,0.3384962950093384,0.3834319439735855
15,colon,NB,Kappa,Normalized,0.7250053022269354,0.2504889126394504
14,colon,NB,Bal. acc.,Standard,0.67125,0.19710535465413753
15,colon,NB,Bal. acc.,Normalized,0.7231919406150584,0.24579222951231916
14,colon,NB,Recall,Standard,0.63,0.29961085872622617
15,colon,NB,Recall,Normalized,0.6426086956521739,0.2872580760717286
14,colon,NB,F1-score,Standard,0.5792142857142857,0.2479928165790895
15,colon,NB,F1-score,Normalized,0.7005408271474018,0.2661801950991592
14,colon,NB,MCC,Standard,0.36225524190342173,0.4004601877037412
15,colon,NB,MCC,Normalized,0.7286108165429481,0.2487593629805236
14,colon,NB,Precision,Standard,0.5985,0.3018378427787565
15,colon,NB,Precision,Normalized,0.7229374337221632,0.2780442043977718
14,colon,NB,Accuracy,Standard,0.6835714285714287,0.19329154486214017
15,colon,NB,Accuracy,Normalized,0.7337539766702015,0.23926093294809225
14,colon,GBM,G-mean,Standard,0.6246369117055356,0.28765499335425704
15,colon,GBM,G-mean,Normalized,0.7228419936373278,0.28685765207242103
14,colon,GBM,Kappa,Standard,0.4039168527125049,0.3634356091742685
15,colon,GBM,Kappa,Normalized,0.7647932131495229,0.2258659057562339
14,colon,GBM,Bal. acc.,Standard,0.7008333333333333,0.17905810664573543
15,colon,GBM,Bal. acc.,Normalized,0.7608059384941676,0.21339330271530682
14,colon,GBM,Recall,Standard,0.5866666666666667,0.3227313984655902
15,colon,GBM,Recall,Normalized,0.6008695652173912,0.3085045336117108
14,colon,GBM,F1-score,Standard,0.5824047619047619,0.28668325671817607
15,colon,GBM,F1-score,Normalized,0.7038918345705197,0.30338661825929925
14,colon,GBM,MCC,Standard,0.42789069461218127,0.37781329621605214
15,colon,GBM,MCC,Normalized,0.7672322375397667,0.22594637395662787
14,colon,GBM,Precision,Standard,0.6425,0.34293160153787716
15,colon,GBM,Precision,Normalized,0.7452492046659597,0.3182323231459496
14,colon,GBM,Accuracy,Standard,0.7378571428571429,0.1574130073255811
15,colon,GBM,Accuracy,Normalized,0.8034994697773064,0.1695652837105776
14,colon,CART,G-mean,Standard,0.6669481846625177,0.2918563327655787
15,colon,CART,G-mean,Normalized,0.7610922587486746,0.2902410661115172
14,colon,CART,Kappa,Standard,0.4700488120575077,0.35235329880923855
15,colon,CART,Kappa,Normalized,0.8031813361611877,0.21436535632188886
14,colon,CART,Bal. acc.,Standard,0.7408333333333332,0.17761733211223124
15,colon,CART,Bal. acc.,Normalized,0.8042948038176033,0.2078656026196775
14,colon,CART,Recall,Standard,0.6666666666666665,0.3439961240091715
15,colon,CART,Recall,Normalized,0.6778260869565217,0.3295809907892187
14,colon,CART,F1-score,Standard,0.6274523809523809,0.29006595836823323
15,colon,CART,F1-score,Normalized,0.7475503711558855,0.3062270976559853
14,colon,CART,MCC,Standard,0.49944166574842136,0.3632640916636544
15,colon,CART,MCC,Normalized,0.808865323435843,0.21492897819302223
14,colon,CART,Precision,Standard,0.6541666666666667,0.33057504611072974
15,colon,CART,Precision,Normalized,0.7605196182396605,0.30874335414128107
14,colon,CART,Accuracy,Standard,0.764047619047619,0.15036218556562872
15,colon,CART,Accuracy,Normalized,0.833743372216331,0.1608441237009723
14,colon,RF,G-mean,Standard,0.6294481392046576,0.3189227284444632
15,colon,RF,G-mean,Normalized,0.7197879109225876,0.3152841323638421
14,colon,RF,Kappa,Standard,0.46300670778496866,0.37963264999000246
15,colon,RF,Kappa,Normalized,0.7915376458112408,0.2300460809253522
14,colon,RF,Bal. acc.,Standard,0.7258333333333333,0.18784043169077783
15,colon,RF,Bal. acc.,Normalized,0.7830222693531281,0.21791948328775657
14,colon,RF,Recall,Standard,0.5516666666666666,0.342129767453488
15,colon,RF,Recall,Normalized,0.5678260869565217,0.32778225978516234
14,colon,RF,F1-score,Standard,0.5910714285714285,0.3172027998192196
15,colon,RF,F1-score,Normalized,0.7012725344644752,0.32924305277380966
14,colon,RF,MCC,Standard,0.4921853651036192,0.39048148304374086
15,colon,RF,MCC,Normalized,0.7986002120890775,0.22927396663317853
14,colon,RF,Precision,Standard,0.7118333333333333,0.37641064307777244
15,colon,RF,Precision,Normalized,0.7750265111346767,0.3497912624733522
14,colon,RF,Accuracy,Standard,0.7773809523809524,0.15339598690378425
15,colon,RF,Accuracy,Normalized,0.8446341463414635,0.15866903215971873
14,colon,LR,G-mean,Standard,0.798289562009608,0.17625864097921978
15,colon,LR,G-mean,Normalized,0.8810392364793214,0.14431975100211272
14,colon,LR,Kappa,Standard,0.6111787101787102,0.3015942177460366
15,colon,LR,Kappa,Normalized,0.8815800636267234,0.13706297076433913
14,colon,LR,Bal. acc.,Standard,0.8220833333333333,0.1487044748261912
15,colon,LR,Bal. acc.,Normalized,0.8906362672322374,0.13527747762151723
14,colon,LR,Recall,Standard,0.8866666666666666,0.21969676071045438
15,colon,LR,Recall,Normalized,0.8913043478260869,0.2104545445266252
14,colon,LR,F1-score,Standard,0.7679047619047619,0.1861887955106218
15,colon,LR,F1-score,Normalized,0.8822163308589609,0.14964498328304748
14,colon,LR,MCC,Standard,0.649773262146541,0.28539005865169914
15,colon,LR,MCC,Normalized,0.8901060445387065,0.1349503029615823
14,colon,LR,Precision,Standard,0.7158333333333334,0.2248008377801708
15,colon,LR,Precision,Normalized,0.8511346765641571,0.14821277157765456
14,colon,LR,Accuracy,Standard,0.8057142857142857,0.15351955565417053
15,colon,LR,Accuracy,Normalized,0.8677200424178154,0.14650609486462796
16,micromass,kNN,G-mean,Standard,0.8559134341204182,0.12212737633230518
17,micromass,kNN,G-mean,Normalized,0.9353887762001354,0.08549707724645501
16,micromass,kNN,Kappa,Standard,0.7924474814598167,0.15830577260352796
17,micromass,kNN,Kappa,Normalized,0.9868165427090377,0.019133755041302394
16,micromass,kNN,Bal. acc.,Standard,0.8727710449927433,0.09976139750268287
17,micromass,kNN,Bal. acc.,Normalized,0.9461129892570055,0.06541055550935865
16,micromass,kNN,Recall,Standard,0.7539999999999999,0.1997097894445838
17,micromass,kNN,Recall,Normalized,0.7588235294117645,0.19579391122018022
16,micromass,kNN,F1-score,Standard,0.8073972138972139,0.1489488049912045
17,micromass,kNN,F1-score,Normalized,0.9854729171362032,0.02299933360519225
16,micromass,kNN,MCC,Standard,0.8057971692410894,0.14695288169389337
17,micromass,kNN,MCC,Normalized,0.9870144992863046,0.01930357984767475
16,micromass,kNN,Precision,Standard,0.910702380952381,0.13178625145070547
17,micromass,kNN,Precision,Normalized,0.9936920591991586,0.00994947783821525
16,micromass,kNN,Accuracy,Standard,0.9707441016333938,0.02061647409339639
17,micromass,kNN,Accuracy,Normalized,0.9912508451656524,0.010048216996188401
16,micromass,SVM,G-mean,Standard,0.8114886160358917,0.1322354946455498
17,micromass,SVM,G-mean,Normalized,0.9059199158590638,0.10438308095817679
16,micromass,SVM,Kappa,Standard,0.7742803742396356,0.1641967681305762
17,micromass,SVM,Kappa,Normalized,0.9847678611674557,0.021642453014661563
16,micromass,SVM,Bal. acc.,Standard,0.8380000000000001,0.10274239631233058
17,micromass,SVM,Bal. acc.,Normalized,0.9245128089549997,0.07535537144993715
16,micromass,SVM,Recall,Standard,0.676,0.20548479262466116
17,micromass,SVM,Recall,Normalized,0.6823529411764704,0.20145567904378545
16,micromass,SVM,F1-score,Standard,0.7875793650793651,0.15762158020791797
17,micromass,SVM,F1-score,Normalized,0.9823213883254452,0.02840003747523797
16,micromass,SVM,MCC,Standard,0.8005029196925636,0.13729192429659537
17,micromass,SVM,MCC,Normalized,0.9875561565622418,0.016497053729689078
16,micromass,SVM,Precision,Standard,1.0,0.0
17,micromass,SVM,Precision,Normalized,1.0,0.0
16,micromass,SVM,Accuracy,Standard,0.9716364186327888,0.01797241628190422
17,micromass,SVM,Accuracy,Normalized,0.9922180903012544,0.007514767646987525
16,micromass,NB,G-mean,Standard,0.7537655831836831,0.17832473120323397
17,micromass,NB,G-mean,Normalized,0.8504308466681693,0.16960285410433815
16,micromass,NB,Kappa,Standard,0.7035494370539862,0.21561578262320172
17,micromass,NB,Kappa,Normalized,0.9687085868830293,0.059023126706744054
16,micromass,NB,Bal. acc.,Standard,0.7999056603773586,0.12099015226675361
17,micromass,NB,Bal. acc.,Normalized,0.8887123431748176,0.10803664066116116
16,micromass,NB,Recall,Standard,0.6,0.24166091947189144
17,micromass,NB,Recall,Normalized,0.6078431372549019,0.2369224700704818
16,micromass,NB,F1-score,Standard,0.7184126984126984,0.21030392289465938
17,micromass,NB,F1-score,Normalized,0.9574472241003682,0.1061645456027587
16,micromass,NB,MCC,Standard,0.7402519446326711,0.18501582294808264
17,micromass,NB,MCC,Normalized,0.9736518668770191,0.05588282782715507
16,micromass,NB,Precision,Standard,0.985,0.11079259903080167
17,micromass,NB,Precision,Normalized,0.9897171512283074,0.09761602307050792
16,micromass,NB,Accuracy,Standard,0.9648033877797944,0.021505161702569796
17,micromass,NB,Accuracy,Normalized,0.988495980767786,0.01115657060775638
16,micromass,GBM,G-mean,Standard,0.9299819941268178,0.09497899105666831
17,micromass,GBM,G-mean,Normalized,0.9739072947186539,0.05125184961972889
16,micromass,GBM,Kappa,Standard,0.9071336767345641,0.11602051430142657
17,micromass,GBM,Kappa,Normalized,0.9958936218165428,0.008428365272326443
16,micromass,GBM,Bal. acc.,Standard,0.9368479680696663,0.08196750563061368
17,micromass,GBM,Bal. acc.,Normalized,0.9776913830666366,0.041083661969273856
16,micromass,GBM,Recall,Standard,0.8760000000000001,0.1643897807042761
17,micromass,GBM,Recall,Normalized,0.8784313725490196,0.16116645167085897
16,micromass,GBM,F1-score,Standard,0.9137864357864358,0.1089056055021911
17,micromass,GBM,F1-score,Normalized,0.9955983772819476,0.009420546727483372
16,micromass,GBM,MCC,Standard,0.9143755045409905,0.10405648087674312
17,micromass,GBM,MCC,Normalized,0.9963293516640371,0.0072216838433128965
16,micromass,GBM,Precision,Standard,0.9780000000000001,0.060547502012882407
17,micromass,GBM,Precision,Normalized,0.9986112989257007,0.0038470716807028557
16,micromass,GBM,Accuracy,Standard,0.9870296430732002,0.015003529741907894
17,micromass,GBM,Accuracy,Normalized,0.9971752685748627,0.004668159484645799
16,micromass,CART,G-mean,Standard,0.90570816420156,0.08610491604516737
17,micromass,CART,G-mean,Normalized,0.9686698970776051,0.044188617552480054
16,micromass,CART,Kappa,Standard,0.8284208375606188,0.12208937304747362
17,micromass,CART,Kappa,Normalized,0.9918003906543462,0.010840559567545838
16,micromass,CART,Bal. acc.,Standard,0.9128047895500727,0.07600769731372725
17,micromass,CART,Bal. acc.,Normalized,0.9719359927879198,0.036962796927307376
16,micromass,CART,Recall,Standard,0.8399999999999999,0.15231546211727814
17,micromass,CART,Recall,Normalized,0.8431372549019607,0.14932888442870407
16,micromass,CART,F1-score,Standard,0.8429318459318459,0.11207083888266359
17,micromass,CART,F1-score,Normalized,0.9915956727518597,0.011454414549938735
16,micromass,CART,MCC,Standard,0.836033377346171,0.11781748357767674
17,micromass,CART,MCC,Normalized,0.9915922920892496,0.012035638447736216
16,micromass,CART,Precision,Standard,0.8726547619047619,0.14051910714486168
17,micromass,CART,Precision,Normalized,0.9909356922845766,0.011299585898244488
16,micromass,CART,Accuracy,Standard,0.972858439201452,0.019728947296051787
17,micromass,CART,Accuracy,Normalized,0.9922905867327774,0.009858143047172923
16,micromass,RF,G-mean,Standard,0.9021614493050126,0.10863082217865938
17,micromass,RF,G-mean,Normalized,0.9601682818721358,0.0585547217455452
16,micromass,RF,Kappa,Standard,0.8826323793820282,0.1316519209485095
17,micromass,RF,Kappa,Normalized,0.9942821726391706,0.009275501573736588
16,micromass,RF,Bal. acc.,Standard,0.9128095065312047,0.09347777243699447
17,micromass,RF,Bal. acc.,Normalized,0.9661546840958607,0.04716929622076772
16,micromass,RF,Recall,Standard,0.8260000000000001,0.18687964041061295
17,micromass,RF,Recall,Normalized,0.8294117647058823,0.18321533373589505
16,micromass,RF,F1-score,Standard,0.8904401154401156,0.1238302767784708
17,micromass,RF,F1-score,Normalized,0.9938257831868378,0.010370629333305391
16,micromass,RF,MCC,Standard,0.8938072625712461,0.1163433509776819
17,micromass,RF,MCC,Normalized,0.9950518368266846,0.007726758597103387
16,micromass,RF,Precision,Standard,0.9958333333333332,0.02975595178559521
17,micromass,RF,Precision,Normalized,0.9997306738787469,0.0019367613487467669
16,micromass,RF,Accuracy,Standard,0.9844192377495463,0.01658251703577668
17,micromass,RF,Accuracy,Normalized,0.9963473818646231,0.004985905723784789
16,micromass,LR,G-mean,Standard,0.9830660724202066,0.01386101494350443
17,micromass,LR,G-mean,Normalized,0.9986901810532642,0.0015989864404223901
16,micromass,LR,Kappa,Standard,0.8472639160927413,0.11012483221521219
17,micromass,LR,Kappa,Normalized,0.9935662234242356,0.00730815133488207
16,micromass,LR,Bal. acc.,Standard,0.9833055152394773,0.013545702278855714
17,micromass,LR,Bal. acc.,Normalized,0.9987123431748178,0.001552572049856828
16,micromass,LR,Recall,Standard,1.0,0.0
17,micromass,LR,Recall,Normalized,1.0,0.0
16,micromass,LR,F1-score,Standard,0.863402430902431,0.09757392158262154
17,micromass,LR,F1-score,Normalized,0.9938336713995944,0.006941850241682242
16,micromass,LR,MCC,Standard,0.861013881042848,0.09660338682033419
17,micromass,LR,MCC,Normalized,0.9943809631132146,0.006083066299874652
16,micromass,LR,Precision,Standard,0.7725036075036074,0.1505313286845136
17,micromass,LR,Precision,Normalized,0.9827548643978663,0.013656519921222044
16,micromass,LR,Accuracy,Standard,0.969534180278282,0.02471906934671632
17,micromass,LR,Accuracy,Normalized,0.9896814664563144,0.013720012462486391
18,ionosphere,kNN,G-mean,Standard,0.7736108049794397,0.08540511090902293
19,ionosphere,kNN,G-mean,Normalized,0.8940493438320211,0.07243160542159748
18,ionosphere,kNN,Kappa,Standard,0.6422569376476263,0.12661444428178265
19,ionosphere,kNN,Kappa,Normalized,0.9312850393700788,0.046807647862707275
18,ionosphere,kNN,Bal. acc.,Standard,0.7987821779669605,0.06679677321242282
19,ionosphere,kNN,Bal. acc.,Normalized,0.9087436570428696,0.05631887529238602
18,ionosphere,kNN,Recall,Standard,0.6199358974358975,0.1325894404937305
19,ionosphere,kNN,Recall,Normalized,0.619527559055118,0.13164864550283728
18,ionosphere,kNN,F1-score,Standard,0.739453268962234,0.10432381553471418
19,ionosphere,kNN,F1-score,Normalized,0.8972297462817147,0.09177496961058834
18,ionosphere,kNN,MCC,Standard,0.6752621072406826,0.11213909636807552
19,ionosphere,kNN,MCC,Normalized,0.9377686789151356,0.04244666311661852
18,ionosphere,kNN,Precision,Standard,0.9440209235209235,0.07308548045174905
19,ionosphere,kNN,Precision,Normalized,0.9806782152230972,0.02599723070441687
18,ionosphere,kNN,Accuracy,Standard,0.8490508870214752,0.049433732039814
19,ionosphere,kNN,Accuracy,Normalized,0.9441522309711284,0.034269143697872824
18,ionosphere,SVM,G-mean,Standard,0.9196517944938748,0.056967887768331976
19,ionosphere,SVM,G-mean,Normalized,0.9809165354330708,0.02352116298370509
18,ionosphere,SVM,Kappa,Standard,0.8648558191312131,0.09286260131641572
19,ionosphere,SVM,Kappa,Normalized,0.9869263342082238,0.015724183891603256
18,ionosphere,SVM,Bal. acc.,Standard,0.9233062227627445,0.05240283538362406
19,ionosphere,SVM,Bal. acc.,Normalized,0.9820101487314085,0.021409014805674916
18,ionosphere,SVM,Recall,Standard,0.8641025641025641,0.10133072507802815
19,ionosphere,SVM,Recall,Normalized,0.8622834645669292,0.1013058454668271
18,ionosphere,SVM,F1-score,Standard,0.9091111512100071,0.06513313356006704
19,ionosphere,SVM,F1-score,Normalized,0.9848000000000002,0.019899065505719727
18,ionosphere,SVM,MCC,Standard,0.871164227676114,0.08702488854761414
19,ionosphere,SVM,MCC,Normalized,0.987363779527559,0.015119210840985029
18,ionosphere,SVM,Precision,Standard,0.967098124098124,0.04836509166188093
19,ionosphere,SVM,Precision,Normalized,0.9890211723534557,0.016253933746680067
18,ionosphere,SVM,Accuracy,Standard,0.9398879551820728,0.04017245228419437
19,ionosphere,SVM,Accuracy,Normalized,0.9881147856517936,0.013710487347538934
18,ionosphere,NB,G-mean,Standard,0.8421223901336816,0.07079996953164684
19,ionosphere,NB,G-mean,Normalized,0.9435524059492564,0.042822266034834286
18,ionosphere,NB,Kappa,Standard,0.7397680989709593,0.11185420684113768
19,ionosphere,NB,Kappa,Normalized,0.9616171478565181,0.029249230904126657
18,ionosphere,NB,Bal. acc.,Standard,0.8535821424951859,0.06154581614481995
19,ionosphere,NB,Bal. acc.,Normalized,0.9483814523184603,0.03755561780020439
18,ionosphere,NB,Recall,Standard,0.734871794871795,0.12153656819903608
19,ionosphere,NB,Recall,Normalized,0.7335433070866142,0.12060216370266238
18,ionosphere,NB,F1-score,Standard,0.8190576517304209,0.0829558512021891
19,ionosphere,NB,F1-score,Normalized,0.9511370078740157,0.04194309205887514
18,ionosphere,NB,MCC,Standard,0.756552468253835,0.10285813187347644
19,ionosphere,NB,MCC,Normalized,0.9634442694663167,0.02859879569757463
18,ionosphere,NB,Precision,Standard,0.9417054334554333,0.067050273286503
19,ionosphere,NB,Precision,Normalized,0.9800997375328084,0.023534337472580154
18,ionosphere,NB,Accuracy,Standard,0.8868263305322129,0.04673085940612664
19,ionosphere,NB,Accuracy,Normalized,0.966636920384952,0.024232701326074618
18,ionosphere,GBM,G-mean,Standard,0.9141508922475126,0.061559797381646846
19,ionosphere,GBM,G-mean,Normalized,0.9781602799650044,0.025085635892534677
18,ionosphere,GBM,Kappa,Standard,0.8523178019086208,0.10287000047295712
19,ionosphere,GBM,Kappa,Normalized,0.9843128608923886,0.018542969486792724
18,ionosphere,GBM,Bal. acc.,Standard,0.9179716479173001,0.05746743045469637
19,ionosphere,GBM,Bal. acc.,Normalized,0.9791702537182851,0.02366056872419142
18,ionosphere,GBM,Recall,Standard,0.8601923076923077,0.10903352466250338
19,ionosphere,GBM,Recall,Normalized,0.8584251968503936,0.10949118310000287
18,ionosphere,GBM,F1-score,Standard,0.9009693087910481,0.0709215646014191
19,ionosphere,GBM,F1-score,Normalized,0.9819709536307961,0.02314959195179523
18,ionosphere,GBM,MCC,Standard,0.8587872828513947,0.09845414756437845
19,ionosphere,GBM,MCC,Normalized,0.9845245844269467,0.019045928205636723
18,ionosphere,GBM,Precision,Standard,0.9549547952047952,0.060120630419977936
19,ionosphere,GBM,Precision,Normalized,0.9847181102362206,0.020851526640168573
18,ionosphere,GBM,Accuracy,Standard,0.9341774042950515,0.04504133872220551
19,ionosphere,GBM,Accuracy,Normalized,0.9856325459317585,0.016441488187820864
18,ionosphere,CART,G-mean,Standard,0.8710779220957984,0.06907014164822474
19,ionosphere,CART,G-mean,Normalized,0.9594036745406825,0.044592142325537924
18,ionosphere,CART,Kappa,Standard,0.7522306876611633,0.1169490923653752
19,ionosphere,CART,Kappa,Normalized,0.9639930008748907,0.03594966186919515
18,ionosphere,CART,Bal. acc.,Standard,0.8753249467923381,0.0627978020618633
19,ionosphere,CART,Bal. acc.,Normalized,0.9599755030621172,0.041125187197971716
18,ionosphere,CART,Recall,Standard,0.8336538461538463,0.12148873468823054
19,ionosphere,CART,Recall,Normalized,0.8321259842519686,0.12100843146690636
18,ionosphere,CART,F1-score,Standard,0.8383705956046285,0.08215874362738346
19,ionosphere,CART,F1-score,Normalized,0.9589567804024497,0.05431435398833986
18,ionosphere,CART,MCC,Standard,0.7582628091632114,0.1138853434839078
19,ionosphere,CART,MCC,Normalized,0.9625389326334208,0.038045015077910575
18,ionosphere,CART,Precision,Standard,0.8556887695637695,0.08225609729673836
19,ionosphere,CART,Precision,Normalized,0.9477445319335084,0.03421209511047933
18,ionosphere,CART,Accuracy,Standard,0.8870499533146592,0.05129660370485887
19,ionosphere,CART,Accuracy,Normalized,0.9657910761154855,0.031053524644462947
18,ionosphere,RF,G-mean,Standard,0.9102234506781619,0.05895559329762678
19,ionosphere,RF,G-mean,Normalized,0.977412423447069,0.025289188403043276
18,ionosphere,RF,Kappa,Standard,0.841721906811521,0.09690833555568873
19,ionosphere,RF,Kappa,Normalized,0.983321084864392,0.017460267681214767
18,ionosphere,RF,Bal. acc.,Standard,0.914004129928043,0.054435635469641364
19,ionosphere,RF,Bal. acc.,Normalized,0.9784759405074364,0.022997516582914223
18,ionosphere,RF,Recall,Standard,0.860320512820513,0.10763236656025428
19,ionosphere,RF,Recall,Normalized,0.8587401574803151,0.10759386577718968
18,ionosphere,RF,F1-score,Standard,0.8945618478029271,0.06733045216573229
19,ionosphere,RF,F1-score,Normalized,0.9810005249343833,0.022357458778369553
18,ionosphere,RF,MCC,Standard,0.848240932682287,0.09194868756352721
19,ionosphere,RF,MCC,Normalized,0.9835692038495187,0.017242832660627667
18,ionosphere,RF,Precision,Standard,0.9423040986790987,0.06299908692497186
19,ionosphere,RF,Precision,Normalized,0.9804181977252844,0.02183630758976506
18,ionosphere,RF,Accuracy,Standard,0.929065826330532,0.04237679847543808
19,ionosphere,RF,Accuracy,Normalized,0.9846253718285213,0.015346191164973388
18,ionosphere,LR,G-mean,Standard,0.8451924601364539,0.07143836504018448
19,ionosphere,LR,G-mean,Normalized,0.9453116360454945,0.04702966511204022
18,ionosphere,LR,Kappa,Standard,0.7367761416154772,0.11559210065035061
19,ionosphere,LR,Kappa,Normalized,0.9604293963254594,0.03461531225866125
18,ionosphere,LR,Bal. acc.,Standard,0.8550445930880715,0.062489642242753884
19,ionosphere,LR,Bal. acc.,Normalized,0.949006474190726,0.042214147226838444
18,ionosphere,LR,Recall,Standard,0.749871794871795,0.12308687192695514
19,ionosphere,LR,Recall,Normalized,0.7481102362204726,0.1222147440896038
18,ionosphere,LR,F1-score,Standard,0.8192630594255309,0.08537293567994815
19,ionosphere,LR,F1-score,Normalized,0.9500955380577429,0.05132253561242164
18,ionosphere,LR,MCC,Standard,0.7503219568994904,0.1094663445311235
19,ionosphere,LR,MCC,Normalized,0.9609802274715659,0.03546696118416152
18,ionosphere,LR,Precision,Standard,0.9193171828171829,0.07977772215274015
19,ionosphere,LR,Precision,Normalized,0.9717963254593177,0.029306225994144782
18,ionosphere,LR,Accuracy,Standard,0.8844953314659196,0.04838205146650126
19,ionosphere,LR,Accuracy,Normalized,0.965184251968504,0.028657453877521798
20,solar-flare,kNN,G-mean,Standard,0.42025901064361465,0.09811363841966927
21,solar-flare,kNN,G-mean,Normalized,0.48272964712420124,0.13300440373299058
20,solar-flare,kNN,Kappa,Standard,0.16740963555420196,0.10550419997110777
21,solar-flare,kNN,Kappa,Normalized,0.701579883300917,0.10855771983624904
20,solar-flare,kNN,Bal. acc.,Standard,0.567668972396944,0.04476104525556363
21,solar-flare,kNN,Bal. acc.,Normalized,0.6219471458121082,0.07501516613512499
20,solar-flare,kNN,Recall,Standard,0.19891812865497077,0.08503138646871461
21,solar-flare,kNN,Recall,Normalized,0.20103825136612025,0.08402976924935078
20,solar-flare,kNN,F1-score,Standard,0.2606168081083813,0.09696571803902672
21,solar-flare,kNN,F1-score,Normalized,0.504316075453058,0.18270853238795387
20,solar-flare,kNN,MCC,Standard,0.18511946879386468,0.11461145961646228
21,solar-flare,kNN,MCC,Normalized,0.6803539872186718,0.1042035851200179
20,solar-flare,kNN,Precision,Standard,0.4106549006549007,0.15844878909025767
21,solar-flare,kNN,Precision,Normalized,0.802918094532432,0.15996426577363923
20,solar-flare,kNN,Accuracy,Standard,0.810518753632843,0.027838634505646238
21,solar-flare,kNN,Accuracy,Normalized,0.8735854404001112,0.033163922375515756
20,solar-flare,SVM,G-mean,Standard,0.176464465851624,0.14241455045865264
21,solar-flare,SVM,G-mean,Normalized,0.17970139853663053,0.14711716062740882
20,solar-flare,SVM,Kappa,Standard,0.05908052433095424,0.07210592124814912
21,solar-flare,SVM,Kappa,Normalized,0.5807274242845235,0.10111080686399675
20,solar-flare,SVM,Bal. acc.,Standard,0.5196127709681082,0.02426521178137197
21,solar-flare,SVM,Bal. acc.,Normalized,0.5373162298169244,0.04606095713560415
20,solar-flare,SVM,Recall,Standard,0.05222222222222221,0.048701584452349705
21,solar-flare,SVM,Recall,Normalized,0.05672131147540984,0.047874466322509995
20,solar-flare,SVM,F1-score,Standard,0.08980363920341038,0.07988091257858866
21,solar-flare,SVM,F1-score,Normalized,0.17042764965576856,0.15056127546545311
20,solar-flare,SVM,MCC,Standard,0.10427701074145125,0.12526055311031903
21,solar-flare,SVM,MCC,Normalized,0.6033664906918588,0.12409372713929936
20,solar-flare,SVM,Precision,Standard,0.4456666666666667,0.4066025905803684
21,solar-flare,SVM,Precision,Normalized,0.5848656108178197,0.450030389809953
20,solar-flare,SVM,Accuracy,Standard,0.8274157180456776,0.013913757729584725
21,solar-flare,SVM,Accuracy,Normalized,0.8940435923559014,0.016736057887141394
20,solar-flare,NB,G-mean,Standard,0.561601929581415,0.08967313474801175
21,solar-flare,NB,G-mean,Normalized,0.6726093050538732,0.11422672728043169
20,solar-flare,NB,Kappa,Standard,0.2776249685410225,0.11794463667344077
21,solar-flare,NB,Kappa,Normalized,0.7938576765150814,0.085378259321037
20,solar-flare,NB,Bal. acc.,Standard,0.6302833031676911,0.05786431542617036
21,solar-flare,NB,Bal. acc.,Normalized,0.7193258621221945,0.08379377440402212
20,solar-flare,NB,Recall,Standard,0.35830409356725146,0.10990606931230039
21,solar-flare,NB,Recall,Normalized,0.3588524590163935,0.10959535104949635
20,solar-flare,NB,F1-score,Standard,0.387908638047995,0.10311137877374586
21,solar-flare,NB,F1-score,Normalized,0.7179985181068815,0.14581078789373508
20,solar-flare,NB,MCC,Standard,0.28167719391732854,0.118370531817482
21,solar-flare,NB,MCC,Normalized,0.7616322435244356,0.09257320522817387
20,solar-flare,NB,Precision,Standard,0.4347400691320465,0.1117599564570628
21,solar-flare,NB,Precision,Normalized,0.8478242104288227,0.07541151566757479
20,solar-flare,NB,Accuracy,Standard,0.8093840494523796,0.03292470028211966
21,solar-flare,NB,Accuracy,Normalized,0.8718360655737704,0.038595706143908046
20,solar-flare,GBM,G-mean,Standard,0.40557287590009794,0.11265970060329579
21,solar-flare,GBM,G-mean,Normalized,0.4646428946312247,0.14796962586570772
20,solar-flare,GBM,Kappa,Standard,0.1937797888383785,0.10652673971766666
21,solar-flare,GBM,Kappa,Normalized,0.7266758050075639,0.10294039102413512
20,solar-flare,GBM,Bal. acc.,Standard,0.5733801610128488,0.04153503255809825
21,solar-flare,GBM,Bal. acc.,Normalized,0.6321892501003366,0.07034599838467687
20,solar-flare,GBM,Recall,Standard,0.18421052631578952,0.0815102731340091
21,solar-flare,GBM,Recall,Normalized,0.18650273224043715,0.08019451031837588
20,solar-flare,GBM,F1-score,Standard,0.26444209836598964,0.10637826774354385
21,solar-flare,GBM,F1-score,Normalized,0.5125922632830108,0.203952015386505
20,solar-flare,GBM,MCC,Standard,0.22971346877472193,0.1225856604532364
21,solar-flare,GBM,MCC,Normalized,0.7187361304065945,0.10596956272520956
20,solar-flare,GBM,Precision,Standard,0.5186536241536241,0.20777707014581734
21,solar-flare,GBM,Precision,Normalized,0.8529961409033375,0.18205133824031622
20,solar-flare,GBM,Accuracy,Standard,0.8296631170934647,0.022827612928182348
21,solar-flare,GBM,Accuracy,Normalized,0.896164922354975,0.026322787877930704
20,solar-flare,CART,G-mean,Standard,0.39320078778823664,0.12284597316757302
21,solar-flare,CART,G-mean,Normalized,0.44636263159519624,0.16206949592806255
20,solar-flare,CART,Kappa,Standard,0.14067733338402985,0.11562849895483551
21,solar-flare,CART,Kappa,Normalized,0.6700981136735514,0.12308261502536481
20,solar-flare,CART,Bal. acc.,Standard,0.5577446627720135,0.048939669485284505
21,solar-flare,CART,Bal. acc.,Normalized,0.6039438115525918,0.08237197734723836
20,solar-flare,CART,Recall,Standard,0.18198830409356728,0.09611402436887288
21,solar-flare,CART,Recall,Normalized,0.1844808743169399,0.09488743368285817
20,solar-flare,CART,F1-score,Standard,0.23571969884683405,0.11203645304882373
21,solar-flare,CART,F1-score,Normalized,0.45430915995183846,0.20889521036926642
20,solar-flare,CART,MCC,Standard,0.1524248341474421,0.12356816587933445
21,solar-flare,CART,MCC,Normalized,0.6488151647062456,0.11237632732602648
20,solar-flare,CART,Precision,Standard,0.3582804483098601,0.1573918623758373
21,solar-flare,CART,Precision,Normalized,0.7483190392392948,0.20568036721387573
20,solar-flare,CART,Accuracy,Standard,0.8052611238464703,0.026582097590741836
21,solar-flare,CART,Accuracy,Normalized,0.8671613719860454,0.030985143998108627
20,solar-flare,RF,G-mean,Standard,0.4452736021925308,0.09682323890173263
21,solar-flare,RF,G-mean,Normalized,0.5164702540829242,0.1358249239005081
20,solar-flare,RF,Kappa,Standard,0.1876818410248406,0.10520257378181183
21,solar-flare,RF,Kappa,Normalized,0.7215348090518973,0.09917499821336825
20,solar-flare,RF,Bal. acc.,Standard,0.5781281024317688,0.04596418636867594
21,solar-flare,RF,Bal. acc.,Normalized,0.6394200240807631,0.07609177194066098
20,solar-flare,RF,Recall,Standard,0.2229824561403509,0.09307952195703088
21,solar-flare,RF,Recall,Normalized,0.22480874316939892,0.09172850194252355
20,solar-flare,RF,F1-score,Standard,0.2827621238215915,0.1010821937096496
21,solar-flare,RF,F1-score,Normalized,0.5469193911889105,0.18975923190179467
20,solar-flare,RF,MCC,Standard,0.2010735201641499,0.10991249498041863
21,solar-flare,RF,MCC,Normalized,0.6951148775894539,0.09789079892937207
20,solar-flare,RF,Precision,Standard,0.4094495169862817,0.1302906142682535
21,solar-flare,RF,Precision,Normalized,0.8200100027785495,0.11045931168583449
20,solar-flare,RF,Accuracy,Standard,0.8120220484988604,0.024626183926370233
21,solar-flare,RF,Accuracy,Normalized,0.8753086351146923,0.029152160196319516
20,solar-flare,LR,G-mean,Standard,0.3279656377252629,0.0923992366095356
21,solar-flare,LR,G-mean,Normalized,0.35251063567040236,0.12435252199484875
20,solar-flare,LR,Kappa,Standard,0.12666845664905052,0.08276384586785772
21,solar-flare,LR,Kappa,Normalized,0.6641957333827295,0.09382326265726292
20,solar-flare,LR,Bal. acc.,Standard,0.54516719531208,0.0308411862201089
21,solar-flare,LR,Bal. acc.,Normalized,0.584128924701306,0.05516051145680436
20,solar-flare,LR,Recall,Standard,0.11973684210526316,0.06025857526322147
21,solar-flare,LR,Recall,Normalized,0.12300546448087431,0.05931162241798402
20,solar-flare,LR,F1-score,Standard,0.18614450523626724,0.08370441892986889
21,solar-flare,LR,F1-score,Normalized,0.3575225834336698,0.1698381712577735
20,solar-flare,LR,MCC,Standard,0.17189353484995898,0.10656933414821264
21,solar-flare,LR,MCC,Normalized,0.6691802043777593,0.09986982058976737
20,solar-flare,LR,Precision,Standard,0.5058809523809523,0.24627456898407976
21,solar-flare,LR,Precision,Normalized,0.8326851903306476,0.18423690963746528
20,solar-flare,LR,Accuracy,Standard,0.8253507611826252,0.018856473079425545
21,solar-flare,LR,Accuracy,Normalized,0.8913984131394522,0.022465863270651126
22,credit-g,kNN,G-mean,Standard,0.5567746876185162,0.050822235372482705
23,credit-g,kNN,G-mean,Normalized,0.6709015123151076,0.06602875956652483
22,credit-g,kNN,Kappa,Standard,0.26376211377533176,0.07141388960452441
23,credit-g,kNN,Kappa,Normalized,0.7467576456983618,0.053371661220724245
22,credit-g,kNN,Bal. acc.,Standard,0.6182619047619048,0.033031035704741245
23,credit-g,kNN,Bal. acc.,Normalized,0.7060946156653287,0.050306393243474065
22,credit-g,kNN,Recall,Standard,0.35566666666666663,0.06667583270321165
23,credit-g,kNN,Recall,Normalized,0.3578073089700997,0.0664543183088488
22,credit-g,kNN,F1-score,Standard,0.43326560909741846,0.0615606915997211
23,credit-g,kNN,F1-score,Normalized,0.5993598134605997,0.10186250606002425
22,credit-g,kNN,MCC,Standard,0.27815030082449904,0.07395743014525415
23,credit-g,kNN,MCC,Normalized,0.7285927080914308,0.056075798975091844
22,credit-g,kNN,Precision,Standard,0.5673937056525932,0.07751618399685413
23,credit-g,kNN,Precision,Normalized,0.8290256444282256,0.05435677042378958
22,credit-g,kNN,Accuracy,Standard,0.7232999999999999,0.027533797413360917
23,credit-g,kNN,Accuracy,Normalized,0.8163352306387174,0.03604025490032366
22,credit-g,SVM,G-mean,Standard,0.5927361386804202,0.06250381624415276
23,credit-g,SVM,G-mean,Normalized,0.7150715399453083,0.0780813393517162
22,credit-g,SVM,Kappa,Standard,0.350917371539618,0.08835768797744246
23,credit-g,SVM,Kappa,Normalized,0.8048774650357106,0.05706649123487214
22,credit-g,SVM,Bal. acc.,Standard,0.6541190476190475,0.04105863154672591
23,credit-g,SVM,Bal. acc.,Normalized,0.7570191136534897,0.0573039970077573
22,credit-g,SVM,Recall,Standard,0.38466666666666677,0.0779487010796203
23,credit-g,SVM,Recall,Normalized,0.38671096345514955,0.07768973529530263
22,credit-g,SVM,F1-score,Standard,0.4891157063767043,0.07868677595030975
23,credit-g,SVM,F1-score,Normalized,0.6843012118425978,0.11991287224374053
22,credit-g,SVM,MCC,Standard,0.3772684929000672,0.08939664011407332
23,credit-g,SVM,MCC,Normalized,0.7979595357367977,0.06053195348320873
22,credit-g,SVM,Precision,Standard,0.6860333946575702,0.09007325801403364
23,credit-g,SVM,Precision,Normalized,0.8958005412296624,0.04414724088148717
22,credit-g,SVM,Accuracy,Standard,0.7619000000000001,0.029789091963334513
23,credit-g,SVM,Accuracy,Normalized,0.8630023080459333,0.03420549907823201
22,credit-g,NB,G-mean,Standard,0.6720980610514462,0.08860509577644489
23,credit-g,NB,G-mean,Normalized,0.8019717442097432,0.10432340395582572
22,credit-g,NB,Kappa,Standard,0.3300211728334993,0.11826721117718199
23,credit-g,NB,Kappa,Normalized,0.7871971696816604,0.08386715810257545
22,credit-g,NB,Bal. acc.,Standard,0.6852380952380951,0.062898615466991
23,credit-g,NB,Bal. acc.,Normalized,0.7935406467267927,0.08271268164642258
22,credit-g,NB,Recall,Standard,0.7163333333333335,0.10723753488815796
23,credit-g,NB,Recall,Normalized,0.7172757475083058,0.10688126400813085
22,credit-g,NB,F1-score,Standard,0.5714654950529997,0.06422816487894485
23,credit-g,NB,F1-score,Normalized,0.7963754674148464,0.07380278799900619
22,credit-g,NB,MCC,Standard,0.3488698119154742,0.11143136769612477
23,credit-g,NB,MCC,Normalized,0.776738972801077,0.07860660979798681
22,credit-g,NB,Precision,Standard,0.48414488307037684,0.07118428677052488
23,credit-g,NB,Precision,Normalized,0.7603382448424415,0.07675688630560239
22,credit-g,NB,Accuracy,Standard,0.6728000000000001,0.09057681822629894
23,credit-g,NB,Accuracy,Normalized,0.7452286955985992,0.127268841097163
22,credit-g,GBM,G-mean,Standard,0.6332175786335803,0.06839850328978336
23,credit-g,GBM,G-mean,Normalized,0.7622226434945806,0.08044031093227945
22,credit-g,GBM,Kappa,Standard,0.37387462587507364,0.10211391529539217
23,credit-g,GBM,Kappa,Normalized,0.8174453675574997,0.06344445643835875
22,credit-g,GBM,Bal. acc.,Standard,0.6725952380952382,0.049559848379798044
23,credit-g,GBM,Bal. acc.,Normalized,0.7803185292960697,0.0658431749240648
22,credit-g,GBM,Recall,Standard,0.4573333333333334,0.0956939566186566
23,credit-g,GBM,Recall,Normalized,0.4591362126245847,0.09537603649699995
22,credit-g,GBM,F1-score,Standard,0.5285874051758179,0.08525167293375815
23,credit-g,GBM,F1-score,Normalized,0.7370523836379923,0.11900816454494745
22,credit-g,GBM,MCC,Standard,0.3856527635652599,0.10240512108544694
23,credit-g,GBM,MCC,Normalized,0.8021852029137303,0.06812544401640919
22,credit-g,GBM,Precision,Standard,0.6396347521160685,0.0912934966284473
23,credit-g,GBM,Precision,Normalized,0.8717774323344439,0.05071042905087939
22,credit-g,GBM,Accuracy,Standard,0.7586999999999999,0.0371121273979275
23,credit-g,GBM,Accuracy,Normalized,0.8582366908213704,0.04300653499854557
22,credit-g,CART,G-mean,Standard,0.6058169206630432,0.059402994715797866
23,credit-g,CART,G-mean,Normalized,0.7312420320282843,0.07236327407694282
22,credit-g,CART,Kappa,Standard,0.24802095052597178,0.09549842210090004
23,credit-g,CART,Kappa,Normalized,0.7320091373974532,0.07321242121899506
22,credit-g,CART,Bal. acc.,Standard,0.6253809523809524,0.0485810214616624
23,credit-g,CART,Bal. acc.,Normalized,0.7143338657162762,0.07265310278381504
22,credit-g,CART,Recall,Standard,0.48533333333333334,0.09253467818427136
23,credit-g,CART,Recall,Normalized,0.4870431893687707,0.09222725400425717
22,credit-g,CART,F1-score,Standard,0.47547611178671656,0.07167334213061882
23,credit-g,CART,F1-score,Normalized,0.6651131985156468,0.11216926737055859
22,credit-g,CART,MCC,Standard,0.2496967987419832,0.0958261127389404
23,credit-g,CART,MCC,Normalized,0.7054571305349263,0.07394241035895649
22,credit-g,CART,Precision,Standard,0.4719574877696211,0.06869708893446363
23,credit-g,CART,Precision,Normalized,0.7504619883318091,0.06693939450230642
22,credit-g,CART,Accuracy,Standard,0.6814000000000001,0.041593749530428235
23,credit-g,CART,Accuracy,Normalized,0.758433135387984,0.0575287417590348
22,credit-g,RF,G-mean,Standard,0.5392545333814788,0.0827490505708716
23,credit-g,RF,G-mean,Normalized,0.6449001189567821,0.10847791380578804
22,credit-g,RF,Kappa,Standard,0.27406129182040034,0.11113102869450958
23,credit-g,RF,Kappa,Normalized,0.7492803825574286,0.08386818973000014
22,credit-g,RF,Bal. acc.,Standard,0.6195238095238094,0.05124858274684374
23,credit-g,RF,Bal. acc.,Normalized,0.7049792655011113,0.07776664653886817
22,credit-g,RF,Recall,Standard,0.3263333333333333,0.09812633580124032
23,credit-g,RF,Recall,Normalized,0.3285714285714286,0.09780033468562159
22,credit-g,RF,F1-score,Standard,0.42116897148024457,0.1003938029780043
23,credit-g,RF,F1-score,Normalized,0.5769880711465822,0.15631993635210722
22,credit-g,RF,MCC,Standard,0.30003882807812177,0.1146930292342043
23,credit-g,RF,MCC,Normalized,0.7420405590494832,0.08573579632565585
22,credit-g,RF,Precision,Standard,0.6210813400136156,0.12169458385702799
23,credit-g,RF,Precision,Normalized,0.8521901791934634,0.08931279620002223
22,credit-g,RF,Accuracy,Standard,0.7368000000000001,0.037573394842627686
23,credit-g,RF,Accuracy,Normalized,0.8322676195847413,0.04767737669728387
22,credit-g,LR,G-mean,Standard,0.6504057260621435,0.061342217893161466
23,credit-g,LR,G-mean,Normalized,0.7824115999450239,0.06861319021522187
22,credit-g,LR,Kappa,Standard,0.37902111901687635,0.09719991074826723
23,credit-g,LR,Kappa,Normalized,0.8211963450410187,0.05835672029069758
22,credit-g,LR,Bal. acc.,Standard,0.6794047619047621,0.04803434971803476
23,credit-g,LR,Bal. acc.,Normalized,0.7894194814242586,0.061308683972102714
22,credit-g,LR,Recall,Standard,0.4926666666666668,0.0880126253569465
23,credit-g,LR,Recall,Normalized,0.4943521594684385,0.08772022460825234
22,credit-g,LR,F1-score,Standard,0.5435918179322102,0.07672707599405233
23,credit-g,LR,F1-score,Normalized,0.7590872555106375,0.09970106678864403
22,credit-g,LR,MCC,Standard,0.3851408753322736,0.09717501863332964
23,credit-g,LR,MCC,Normalized,0.8023429272847047,0.06367102153620138
22,credit-g,LR,Precision,Standard,0.6147021627395058,0.08101795095570875
23,credit-g,LR,Precision,Normalized,0.8590598622755343,0.047913103807048205
22,credit-g,LR,Accuracy,Standard,0.7541000000000001,0.03720470400366063
23,credit-g,LR,Accuracy,Normalized,0.8529151520608907,0.04323019147672942
